form	lemma	POS	morph
༄༅། །		PUNCT
ལེགས་བཤད་	ལེགས་བཤད་	NOUN
གསེར་	གསེར་	NOUN
གྱི་	གི་	PART
ཐུར་མ་	ཐུར་མ་	NOUN
ཞེ་	ཅེས་	PART
བྱ་བ་	བྱ་བ་	VERB
བཞུགས་	བཞུགས་	VERB
སོ་	གོ་	PART
། །		PUNCT
མཛད་པ་པོ་	མཛད་པ་པོ་	VERB
།		PUNCT
ཞབས་	ཞབས་	NOUN
དཀ་	དཀའ་	VERB
ར་	ལ་	PART
ཚོགས་	ཚོགས་	NOUN
དྲུག་	དྲུག་	NUM
རང་གྲོལ་	རང་གྲོལ་	NOUN
"།
༄༅། །"		PUNCT
ན་མོ་	ན་མོ་	X
གུ་རུ་	གུ་རུ་	PROPN
མཉྫུ་		NON_WORD
གྷོཥ་		NON_WORD
ཡ་	ཡ་	NOUN
། །		PUNCT
མཐའ་བྲལ་	མཐའ་བྲལ་	NOUN
ཆོས་སྐུ་	ཆོས་སྐུ་	NOUN
འི་	གི་	PART
ནམ་མཁའ་	ནམ་མཁའ་	NOUN
ཡངས་པ་	ཡངས་པ་	ADJ
ན་	ནས་	PART
། །		PUNCT
སྐྱབས་མགོན་	སྐྱབས་མགོན་	PROPN
རྒྱལ་དབང་	རྒྱལ་དབང་	NOUN
ཉི་མ་	ཉི་མ་	NOUN
གཞོན་ནུ་	གཞོན་ནུ་	ADJ
ཤ་	ཤ་	VERB
། །		PUNCT
རི་	རི་	NOUN
མེད་	མེད་	VERB
ལེགས་བཤད་	ལེགས་བཤད་	NOUN
འོད་སྟོང་	འོད་སྟོང་	OTHER
འགྱེད་པ་	འགྱེད་པ་	VERB
འི་	གི་	PART
མོད་	མོད་	VERB
། །		PUNCT
གསར་རྙིང་	གསར་རྙིང་	OTHER
ཆོ་	ཆོ་	NOUN
ཀྱི་	གི་	PART
པད་ཚལ་	པད་ཚལ་	OTHER
བཞད་པ་	བཞད་པ་	PROPN
མཚའ་	མཚའ་	VERB
། །		PUNCT
ཆོས་དབྱིངས་	ཆོས་དབྱིངས་	NOUN
མཁའ་	མཁའ་	NOUN
ལྟ་	ལྟ་	OTHER
ཡངས་པ་	ཡངས་པ་	ADJ
འི་	གི་	PART
ཀློང་ཆེན་པོ་	ཀློང་ཆེན་པོ་	PROPN
ར་	ལ་	PART
། །		PUNCT
ཉིན་མཚན་	ཉིན་མཚན་	ADV
མེད་པ་	མེད་པ་	VERB
ར་	ལ་	PART
རབ་ཏུ་	རབ་ཏུ་	NO_POS
འབྱམས་	འབྱམས་	NO_POS
ཀླས་པ་	ཀླས་པ་	NO_POS
འི་	གི་	PART
། །		PUNCT
ཀློང་ཆེན་	ཀློང་ཆེན་	PROPN
རབ་འབྱམས་	རབ་འབྱམས་	ADJ
བཟང་པོ་	བཟང་པོ་	ADJ
འི་	གི་	PART
ལེགས་བཤད་	ལེགས་བཤད་	NOUN
མཛོད་	མཛོད་	NOUN
། །		PUNCT
མཐོང་བ་	མཐོང་བ་	VERB
ས་	གིས་	PART
རྟོགས་པ་	རྟོགས་པ་	VERB
མཁའ་	མཁའ་	NOUN
དང་	དང་	NO_POS
མཉམ་པ་	མཉམ་པ་	VERB
བྱུང་	བྱུང་	VERB
། །		PUNCT
མཁྱེན་པ་	མཁྱེན་པ་	VERB
ས་	གིས་	PART
ཤེས་བྱ་	ཤེས་བྱ་	VERB
འི་	གི་	PART
ཆོ་	ཆོ་	NOUN
རྣམས་	རྣམས་	DET
སལ་	སལ་	NO_POS
ལེ་	ལེ་	NO_POS
ར་	ལ་	PART
གཟིགས་	གཟིགས་	VERB
། །		PUNCT
བརྩེ་བ་	བརྩེ་བ་	VERB
ས་	གིས་	PART
ལེགས་བཤད་	ལེགས་བཤད་	NOUN
འགྲོ་	འགྲོ་	VERB
ལ་	ལ་	PART
སྩོལ་	སྩོལ་	VERB
མཁས་པ་	མཁས་པ་	VERB
འི་	གི་	PART
། །		PUNCT
མཁྱེན་བརྩེ་	མཁྱེན་བརྩེ་	PROPN
རང་བྱུང་	རང་བྱུང་	NOUN
རྡོ་རྗེ་	རྡོ་རྗེ་	NOUN
འི་	གི་	PART
གསུང་འབུམ་	གསུང་འབུམ་	NOUN
ལ་	ལ་	PART
། །		PUNCT
བལྟས་་	བལྟས་པ་	VERB
ས་	གིས་	PART
རྫོགས་ཆེན་	རྫོགས་ཆེན་	NOUN
ལྟ་བ་	ལྟ་བ་	VERB
འི་	གི་	PART
གནད་འགག་	གནད་འགག་	OTHER
ས་	གིས་	PART
རིག་	རིག་	VERB
།		PUNCT
ཇི་ལྟ་	ཇི་ལྟ་	ADJ
ཇི་སྙེད་	ཇི་སྙེད་	OTHER
ཆོ་	ཆོ་	NOUN
ཀྱི་	གི་	PART
གཟུགས་བརྙན་	གཟུགས་བརྙན་	NOUN
རྣམས་	རྣམས་	DET
། །		PUNCT
མཁྱེན་པ་	མཁྱེན་པ་	VERB
འི་	གི་	PART
མེ་ལོང་	མེ་ལོང་	NOUN
གཙང་མ་	གཙང་མ་	ADJ
འི་	གི་	PART
ངོ་	ངོ་	NOUN
ཡངས་པོ་	ཡངས་པོ་	OTHER
ར་	ལ་	PART
། །		PUNCT
ཡོངས་	ཡོངས་	DET
ཤ་	ཤ་	VERB
ཆོ་	ཆོ་	NOUN
ཀྱི་	གི་	PART
རྒྱལ་པོ་	རྒྱལ་པོ་	NOUN
འི་	གི་	PART
བཀའ་དྲིན་	བཀའ་དྲིན་	NOUN
གྱིས་	གིས་	PART
། །		PUNCT
ཆོས་ཉིད་	ཆོས་ཉིད་	NOUN
བདེན་པ་	བདེན་པ་	VERB
མངོན་སུམ་	མངོན་སུམ་	NOUN
མཐོང་བ་	མཐོང་བ་	VERB
བྱུང་	བྱུང་	VERB
། །		PUNCT
དེ་ཕྱིར་	དེ་ཕྱིར་	NO_POS
ལེགས་བཤད་	ལེགས་བཤད་	NOUN
གསེར་	གསེར་	NOUN
གྱི་	གི་	PART
ཐུར་མ་	ཐུར་མ་	NOUN
ཡི་	གིས་	PART
། །		PUNCT
མི་	མི་	PART
ཤེས་རབ་	ཤེས་རབ་	NOUN
རིབ་	རིབ་	NO_POS
བསལ་	བསལ་	VERB
ན་	ནས་	PART
ཡེ་ཤེས་	ཡེ་ཤེས་	NOUN
སྤྱན་	སྤྱན་	NOUN
། །		PUNCT
གསལ་བ་	གསལ་བ་	VERB
ར་	ལ་	PART
ཕྱེ་	ཕྱེ་	VERB
ན་	ནས་	PART
སེམས་ཉིད་	སེམས་ཉིད་	NOUN
ཆོས་སྐུ་	ཆོས་སྐུ་	NOUN
འི་	གི་	PART
ཞལ་	ཞལ་	NOUN
། །		PUNCT
མངོན་སུམ་	མངོན་སུམ་	NOUN
སྟོན་པ་	སྟོན་པ་	NOUN
ས་	གིས་	PART
ཀུན་	ཀུན་	DET
གྱིས་	གིས་	PART
ལེགས་པ་	ལེགས་པ་	VERB
ར་	ལ་	PART
ལྟོ་	ལྟོ་	VERB
། །		PUNCT
དེ་ཡང་	དེ་ཡང་	ADV
ཕྱག་	ཕྱག་	NOUN
ན་	ལ་	PART
པད་དཀར་	པད་དཀར་	OTHER
འཆང་བ་	འཆང་བ་	VERB
ངུར་སྨྲིག་	ངུར་སྨྲིག་	NOUN
ག་	ག་	NOUN
གྱིས་	གིས་	PART
རྣམ་	རྣམ་	NOUN
རོལ་	རོལ་	VERB
		
རྒྱལ་དབང་	རྒྱལ་དབང་	NOUN
ལྔ་པ་	ལྔ་པ་	NUM
རིན་པོ་ཆེ་	རིན་པོ་ཆེ་	ADJ
ས་	གིས་	PART
མཛད་པ་	མཛད་པ་	VERB
འི་	གི་	PART
རྫོགས་ཆེན་	རྫོགས་ཆེན་	NOUN
རིག་འཛིན་	རིག་འཛིན་	OTHER
ཞལ་ལུང་	ཞལ་ལུང་	OTHER
ལ་	ལ་	ADP
ས་	གིས་	PART
། །		PUNCT
ལུས་	ལུས་	NOUN
རྣམ་སྣང་	རྣམ་སྣང་	PROPN
གི་	གི་	PART
ཆོ་	ཆོ་	NOUN
བདུན་	བདུན་	NUM
བཅའ་	བཅའ་	VERB
ཏེ་	སྟེ་	PART
།		PUNCT
མིག་	མིག་	NOUN
ཅུང་ཟད་	ཅུང་ཟད་	ADV
ཐུར་	ཐུར་	NOUN
དུ་	ལ་	PART
བལྟས་་	བལྟས་པ་	VERB
ས་	གིས་	PART
སེམས་	སེམས་	NOUN
དྭངས་	དྭངས་	NO_POS
ལ་	ལ་	PART
མི་	མི་	PART
རྟོག་པ་	རྟོག་པ་	VERB
འཆར་	འཆར་	NO_POS
།		PUNCT
དེ་	དེ་	DET
འི་	གི་	PART
ངང་	ངང་	NOUN
ན་	ནས་	PART
མིག་	མིག་	NOUN
དྲང་ཐད་	དྲང་ཐད་	NO_POS
དུ་	ལ་	PART
ཧ་	ཧ་	VERB
རེ་	རེ་	DET
ར་	ལ་	PART
གཏད་པ་	གཏད་པ་	VERB
ས་	གིས་	PART
སྔ་	སྔ་	NOUN
གྱི་	གི་	PART
མི་	མི་	PART
རྟོག་པ་	རྟོག་པ་	VERB
འི་	གི་	PART
དྭངས་	དྭངས་	NO_POS
དེ་	སྟེ་	PART
ཞིག་	ཅིག་	PART
ཀྱང་	ཀྱང་	PART
བྱུང་	བྱུང་	VERB
ཚོ་	ཚོ་	VERB
གྱི་	གི་	PART
རྟོག་པ་	རྟོག་པ་	VERB
དང་	དང་	NO_POS
དྲན་འཛིན་	དྲན་འཛིན་	NO_POS
གྱི་	གི་	PART
གཉེན་པོ་	གཉེན་པོ་	NOUN
མེད་པ་	མེད་པ་	VERB
འི་	གི་	PART
ཤེས་པ་	ཤེས་པ་	VERB
རང་	རང་	PRON
གསལ་	གསལ་	VERB
རྒྱ་ཡན་	རྒྱ་ཡན་	NO_POS
གཞི་	གཞི་	NOUN
ཕྱལ་	ཕྱལ་	NO_POS
ཡས་པ་	ཡས་པ་	VERB
ཞིག་	ཅིག་	PART
འཆར་	འཆར་	NO_POS
ཏེ་	སྟེ་	PART
།		PUNCT
དེ་ཉིད་	དེ་ཉིད་	NOUN
རིག་པ་	རིག་པ་	VERB
རང་གནས་	རང་གནས་	NOUN
ཀྱི་	གི་	PART
བསམ་གཏན་	བསམ་གཏན་	NOUN
དུ་	ལ་	PART
ངོ་	གོ་	PART
ཤེས་པ་	ཤེས་པ་	VERB
ར་	ལ་	PART
བྱ་	བྱ་	VERB
།		PUNCT
དེ་ཉིད་	དེ་ཉིད་	NOUN
ངོས་ཟིན་	ངོས་ཟིན་	NO_POS
ན་	ནས་	PART
ཕྱི་	ཕྱི་	VERB
ཤེས་པ་	ཤེས་པ་	VERB
འཕྲོ་	འཕྲོ་	NOUN
གནས་	གནས་	NOUN
དགག་སྒྲུབ་	དགག་སྒྲུབ་	OTHER
ཉོན་མོངས་	ཉོན་མོངས་	NOUN
མི་	མི་	PART
རྟོག་པ་	རྟོག་པ་	VERB
འི་	གི་	PART
ཏིང་ངེ་འཛིན་	ཏིང་ངེ་འཛིན་	NOUN
ལ་	ལ་	PART
གནས་པ་	གནས་པ་	VERB
ལ་སོགས་	ལ་སོགས་	NO_POS
གང་	གང་	NO_POS
གི་	གི་	PART
དུས་	དུས་	NOUN
སུ་	ལ་	PART
ཡང་	ཀྱང་	PART
རང་རིག་	རང་རིག་	NO_POS
རང་བབ་	རང་བབ་	NO_POS
ལ་	ལ་	PART
ཅེར་	ཅེར་	NO_POS
གྱིས་	གིས་	PART
བལྟས་་	བལྟས་པ་	VERB
ས་	གིས་	PART
འཛིན་	འཛིན་	VERB
མེད་	མེད་	VERB
རང་གནས་	རང་གནས་	NOUN
ཀྱི་	གི་	PART
བསམ་གཏན་	བསམ་གཏན་	NOUN
ཏེ་	སྟེ་	PART
རྗེན་	རྗེན་	NO_POS
སངས་	སངས་	VERB
ཀྱིས་	གིས་	PART
འཆར་	འཆར་	NO_POS
ཏེ་	སྟེ་	PART
།		PUNCT
འདི་ཁོ་ན་	འདི་ཁོ་ན་	NO_POS
མ་	མ་	PART
བྱ་	བྱ་	VERB
ལྷུན་གྲུབ་	ལྷུན་གྲུབ་	OTHER
ཀྱི་	གི་	PART
བསྒོམ་པ་	བསྒོམ་པ་	VERB
ཆུ་བོ་	ཆུ་བོ་	NOUN
འི་	གི་	PART
རྒྱུན་	རྒྱུན་	NOUN
ལྟ་བུ་	ལྟ་བུ་	NOUN
ཡིན་	ཡིན་	NO_POS
ནོ་	གོ་	PART
། །		PUNCT
དེ་	སྟེ་	PART
ངོ་མ་	ངོ་མ་	OTHER
ཤེ་	ཤེ་	VERB
ན་མཉམ་	ན་མཉམ་	NO_POS
གཞག་	གཞག་	VERB
རེས་འགའ་བ་	རེས་འགའ་བ་	NO_POS
འི་	གི་	PART
བསྒོམ་	བསྒོམ་	VERB
གྱིས་	གིས་	PART
རྐྱེན་	རྐྱེན་	NOUN
མི་	མི་	PART
ཐུབ་	ཐུབ་	VERB
ཅིང་	ཅིང་	PART
བར་དོ་	བར་དོ་	NOUN
འི་	གི་	PART
བསམ་གཏན་	བསམ་གཏན་	NOUN
ངོ་	ངོ་	NOUN
མི་	མི་	PART
ཟིན་པ་	ཟིན་པ་	VERB
འི་	གི་	PART
སྐྱོན་	སྐྱོན་	NOUN
ཡོད་	ཡོད་	VERB
དེ་	སྟེ་	PART
།		PUNCT
ཀློང་	ཀློང་	NOUN
དྲུག་པ་	དྲུག་པ་	NUM
ལ་	ལ་	ADP
ས་	གིས་	PART
།		PUNCT
རང་བཞིན་	རང་བཞིན་	NOUN
གནས་པ་	གནས་པ་	VERB
འི་	གི་	PART
བསམ་གཏན་	བསམ་གཏན་	NOUN
དང་	དང་	NO_POS
། །		PUNCT
རྩ་	རྩ་	NUM
རླུང་	རླུང་	NOUN
སེམས་	སེམས་	NOUN
ཀྱི་	གི་	PART
ངལ་གསོ་	ངལ་གསོ་	OTHER
གཉིས་	གཉིས་	NUM
། །		PUNCT
འདྲ་	འདྲ་	VERB
འོ་	གོ་	PART
འདྲ་	འདྲ་	VERB
འོ་	གོ་	PART
ནོར་	ནོར་	NOUN
ར་	ར་	ADP
རེ་	རེ་	DET
།		PUNCT
ཞེ་	ཅེས་	PART
འབྱུང་བ་	འབྱུང་བ་	VERB
ས་	གིས་	PART
།		PUNCT
ཆོ་	ཆོ་	NOUN
འདི་	འདི་	DET
འི་	གི་	PART
དཀའ་བ་	དཀའ་བ་	VERB
འི་	གི་	PART
གནད་	གནད་	NOUN
འདི་རང་	འདི་རང་	NO_POS
བྱུང་	བྱུང་	VERB
པདྨ་	པདྨ་	NOUN
འི་	གི་	PART
བྱིན་རླབས་	བྱིན་རླབས་	NOUN
ལ་	ལ་	ADP
ས་	གིས་	PART
རང་བབས་་	རང་བབས་པ་	NO_POS
ས་	གིས་	PART
ཤེས་པ་	ཤེས་པ་	VERB
ཡིན་	ཡིན་	NO_POS
ཞེ་	ཅེས་	PART
ཀུན་མཁྱེན་	ཀུན་མཁྱེན་	OTHER
ཀློང་ཆེན་པ་	ཀློང་ཆེན་པ་	PROPN
ས་	གིས་	PART
གསུངས་པ་	གསུངས་པ་	VERB
དོན་	དོན་	NOUN
ལ་	ལ་	PART
གནས་	གནས་	NOUN
ཞེ་	ཅེས་	PART
གསུངས་	གསུངས་	VERB
།		PUNCT
རྒྱལ་བ་	རྒྱལ་བ་	NOUN
འི་	གི་	PART
ཡང་མེས་	ཡང་མེས་	NO_POS
ཀུན་བཟང་	ཀུན་བཟང་	ADJ
མི་	མི་	PART
ཡི་	གི་	PART
གཟུགས་	གཟུགས་	NOUN
ཀྱིས་	གིས་	PART
རྣམ་	རྣམ་	NOUN
རོལ་	རོལ་	VERB
ཀུན་མཁྱེན་	ཀུན་མཁྱེན་	OTHER
ཀློང་ཆེན་	ཀློང་ཆེན་	PROPN
རབ་འབྱམས་པ་	རབ་འབྱམས་པ་	ADJ
འི་	གི་	PART
ལེགས་བཤད་	ལེགས་བཤད་	NOUN
ཟླ་	ཟླ་	NOUN
མེད་	མེད་	VERB
རྣམས་	རྣམས་	DET
ལ་	ལ་	ADP
ས་	གིས་	PART
།		PUNCT
ངོ་བོ་	ངོ་བོ་	NOUN
སྟོང་པ་	སྟོང་པ་	VERB
།		PUNCT
གསལ་བ་	གསལ་བ་	VERB
གང་	གང་	NO_POS
དུ་	ལ་	PART
ཡང་	ཀྱང་	PART
མ་གྲུབ་པ་	མ་གྲུབ་པ་	NO_POS
།		PUNCT
རང་བྱུང་	རང་བྱུང་	NOUN
བཅོ་	བཅོ་	NUM
ས་	གིས་	PART
བསླད་	བསླད་	NO_POS
མེད་པ་	མེད་པ་	VERB
དྭངས་སང་	དྭངས་སང་	OTHER
ངེ་	ངེ་	NO_POS
།		PUNCT
ཡངས་	ཡངས་	VERB
ཕྱལ་	ཕྱལ་	NO_POS
ལེ་	ལེ་	NO_POS
།		PUNCT
གསལ་	གསལ་	VERB
སིང་	སིང་	NO_POS
ངེ་	ངེ་	NO_POS
།		PUNCT
བདེ་	བདེ་	VERB
ལ་	ལ་	PART
རྟོག་པ་	རྟོག་པ་	VERB
མེད་པ་	མེད་པ་	VERB
།		PUNCT
གསལ་	གསལ་	VERB
ལ་	ལ་	PART
ངོས་བཟུང་	ངོས་བཟུང་	NOUN
མེད་པ་	མེད་པ་	VERB
།		PUNCT
རིག་པ་	རིག་པ་	VERB
རྗེས་	རྗེས་	NOUN
མཐུད་	མཐུད་	NO_POS
མེད་པ་	མེད་པ་	VERB
།		PUNCT
ཡུལ་	ཡུལ་	NOUN
ལ་མ་	ལ་མ་	NO_POS
ཡེངས་	ཡེངས་	NO_POS
།		PUNCT
སེམས་	སེམས་	NOUN
སུ་	ལ་	PART
མི་	མི་	PART
འཛིན་	འཛིན་	VERB
།		PUNCT
བསྒོམ་	བསྒོམ་	VERB
བྱ་	བྱ་	VERB
སྒོམ་	སྒོམ་	VERB
བྱེད་	བྱེད་	VERB
ཀྱི་	གི་	PART
ཆོ་	ཆོ་	NOUN
ལ་	ལ་	ADP
ས་	གིས་	PART
འདས་པ་	འདས་པ་	VERB
དེ་	སྟེ་	PART
ངོས་བཟུང་	ངོས་བཟུང་	NOUN
ལ་མ་	ལ་མ་	NO_POS
ཡེངས་པ་	ཡེངས་པ་	VERB
ར་	ལ་	PART
རྟག་	རྟག་	VERB
ཏུ་	ལ་	PART
བསྒོམ་	བསྒོམ་	VERB
མོ་	གོ་	PART
། །		PUNCT
དེ་ལྟ་	དེ་ལྟ་	NO_POS
བུ་	བུ་	NOUN
དེ་	སྟེ་	PART
བསྒོམ་	བསྒོམ་	VERB
དུས་	དུས་	NOUN
རྒྱ་	རྒྱ་	NOUN
ཆེ་	ཆེ་	VERB
ར་	ལ་	PART
སྣང་བ་	སྣང་བ་	VERB
རི་རྩེ་	རི་རྩེ་	NOUN
ལ་སོགས་པ་	ལ་སོགས་པ་	NO_POS
ར་	ལ་	PART
སོང་	སོང་	VERB
ན་	ནས་	PART
ཀྱང་	ཀྱང་	PART
བསྒོམས་	བསྒོམས་	VERB
ལ་	ལ་	PART
།		PUNCT
སེམས་	སེམས་	NOUN
རྩེ་གཅིག་	རྩེ་གཅིག་	ADJ
ཏུ་	ལ་	PART
མི་	མི་	PART
བསྡུད་པ་	བསྡུད་པ་	NO_POS
ར་	ལ་	PART
རྒྱ་	རྒྱ་	NOUN
བསྐྱེད་	བསྐྱེད་	VERB
དེ་ལྟ་	དེ་ལྟ་	NO_POS
སྟངས་	སྟངས་	NO_POS
གློད་པ་	གློད་པ་	NO_POS
འི་	གི་	PART
ངང་	ངང་	NOUN
ན་	ནས་	PART
ཡངས་པ་	ཡངས་པ་	ADJ
ཁྲོལ་	ཁྲོལ་	VERB
ལེ་	ལེ་	NO_POS
ར་	ལ་	PART
བསྒོམ་པ་	བསྒོམ་པ་	VERB
ཡིན་	ཡིན་	NO_POS
ནོ་	གོ་	PART
། །		PUNCT
དེ་ལྟ་	དེ་ལྟ་	NO_POS
བསྒོམས་པ་	བསྒོམས་པ་	VERB
ས་	གིས་	PART
བདེ་	བདེ་	VERB
གསལ་	གསལ་	VERB
མི་	མི་	PART
རྟོག་པ་	རྟོག་པ་	VERB
འི་	གི་	PART
དྲོད་	དྲོད་	NOUN
རྟགས་	རྟགས་	NOUN
འབྱུང་	འབྱུང་	VERB
།		PUNCT
ཞེ་	ཅེས་	PART
དང་	དང་	NO_POS
།		PUNCT
ལུས་	ལུས་	NOUN
སྐྱིལ་ཀྲུང་	སྐྱིལ་ཀྲུང་	NOUN
དང་	དང་	NO_POS
།		PUNCT
མིག་	མིག་	NOUN
བར་སྣང་	བར་སྣང་	NOUN
ལ་	ལ་	PART
ཧྲིག་	ཧྲིག་	NO_POS
གེ་	གེ་	NO_POS
བལྟ་	བལྟ་	VERB
ཏེ་	སྟེ་	PART
།		PUNCT
སེམས་	སེམས་	NOUN
འཕྲོ་	འཕྲོ་	NOUN
འདུ་	འདུ་	VERB
བཅད་	བཅད་	VERB
ན་	ནས་	PART
རིག་པ་	རིག་པ་	VERB
དྭངས་	དྭངས་	NO_POS
སངས་	སངས་	VERB
ཕྱེད་པ་	ཕྱེད་པ་	VERB
འི་	གི་	PART
ངང་	ངང་	NOUN
ངོས་བཟུང་	ངོས་བཟུང་	NOUN
བ་	བ་	ADP
རླུང་	རླུང་	NOUN
ལྔ་	ལྔ་	NUM
དབྱིངས་	དབྱིངས་	NOUN
སུ་	ལ་	PART
འཆིངས་		NON_WORD
ཏེ་	སྟེ་	PART
།		PUNCT
རང་སྣང་	རང་སྣང་	NO_POS
དག་བ་	དག་བ་	DET
འི་	གི་	PART
འོད་གསལ་	འོད་གསལ་	NOUN
།		PUNCT
ཕྱི་	ཕྱི་	NOUN
དུ་བ་	དུ་བ་	NOUN
།		PUNCT
སྨིག་སྒྱུ་	སྨིག་སྒྱུ་	NO_POS
།		PUNCT
འཇའ་འོད་	འཇའ་འོད་	NOUN
ལ་སོགས་པ་	ལ་སོགས་པ་	NO_POS
དང་	དང་	NO_POS
།		PUNCT
ནང་	ནང་	NOUN
ཆོས་ཉིད་	ཆོས་ཉིད་	NOUN
སྟོང་གསལ་	སྟོང་གསལ་	NO_POS
བར་སྣང་	བར་སྣང་	NOUN
དག་པ་	དག་པ་	VERB
ལྟ་	ལྟ་	OTHER
འཆར་	འཆར་	NO_POS
།		PUNCT
ཞེ་	ཅེས་	PART
དང་	དང་	NO_POS
།		PUNCT
ངོ་	གོ་	PART
སྤྲད་པ་	སྤྲད་པ་	VERB
འི་	གི་	PART
ངང་	ངང་	NOUN
ལ་	ལ་	PART
བློ་	བློ་	NOUN
ས་	གིས་	PART
འཛིན་	འཛིན་	VERB
རྩོལ་	རྩོལ་	NO_POS
དང་	དང་	NO_POS
།		PUNCT
ཆེད་	ཆེད་	NOUN
དུ་	ལ་	PART
བསྒོམ་པ་	བསྒོམ་པ་	VERB
ས་	གིས་	PART
གཉེན་པོ་	གཉེན་པོ་	NOUN
མ་	མ་	PART
ཞུགས་པ་	ཞུགས་པ་	VERB
ར་	ལ་	PART
རིག་པ་	རིག་པ་	VERB
རྒྱ་ཡན་	རྒྱ་ཡན་	NO_POS
ཡེ་	ཡེ་	ADV
བཞག་	བཞག་	VERB
དཔང་བསྟོད་	དཔང་བསྟོད་	NO_POS
ལ་	ལ་	PART
ཕྱལ་བ་	ཕྱལ་བ་	NO_POS
བ་	བ་	NOUN
མེད་	མེད་	VERB
རང་	རང་	PRON
དྭངས་	དྭངས་	NO_POS
སུ་	ལ་	PART
བཞག་པ་	བཞག་པ་	VERB
སྟེ་	སྟེ་	PART
།		PUNCT
སེང་གེ་	སེང་གེ་	NOUN
རྩལ་	རྩལ་	NOUN
རྫོགས་	རྫོགས་	VERB
ལ་	ལ་	ADP
ས་	གིས་	PART
། །		PUNCT
འཛིན་	འཛིན་	VERB
རྟོག་	རྟོག་	VERB
མེད་པ་	མེད་པ་	VERB
འི་	གི་	PART
ནམ་མཁའ་	ནམ་མཁའ་	NOUN
ལ་	ལ་	PART
། །		PUNCT
རྣམ་ཤེས་	རྣམ་ཤེས་	NOUN
ཡིད་	ཡིད་	NOUN
མ་	མ་	PART
འགྱུས་པ་	འགྱུས་པ་	VERB
ནི་	ནི་	NO_POS
། །		PUNCT
ཡེངས་པ་	ཡེངས་པ་	VERB
མེད་པ་	མེད་པ་	VERB
འི་	གི་	PART
ཏིང་འཛིན་	ཏིང་འཛིན་	NOUN
མཆོག་	མཆོག་	ADJ
།		PUNCT
སངས་རྒྱས་	སངས་རྒྱས་	NOUN
ཉག་གཅིག་	ཉག་གཅིག་	NO_POS
གནས་ལུགས་	གནས་ལུགས་	VERB
ཡིན་	ཡིན་	NO_POS
། །		PUNCT
ཞེ་	ཅེས་	PART
གསུངས་	གསུངས་	VERB
།		PUNCT
ཚོགས་	ཚོགས་	NOUN
དྲུག་	དྲུག་	NUM
ཡུལ་	ཡུལ་	NOUN
གྱི་	གི་	PART
སྣང་བ་	སྣང་བ་	VERB
ལ་	ལ་	PART
འཛིན་པ་	འཛིན་པ་	VERB
ས་	གིས་	PART
བཟོ་	བཟོ་	NO_POS
རྒྱ་མི་	རྒྱ་མི་	NO_POS
བྱེད་པ་	བྱེད་པ་	VERB
ར་	ལ་	PART
།		PUNCT
ཕྱི་	ཕྱི་	NOUN
ནང་	ནང་	NOUN
བ་	བ་	NOUN
མེད་	མེད་	VERB
ཧ་	ཧ་	VERB
སངས་	སངས་	VERB
སུ་	ལ་	PART
ཕྱལ་	ཕྱལ་	NO_POS
ལེ་	ལེ་	NO_POS
ར་	ལ་	PART
བཞག་	བཞག་	VERB
ན་	ནས་	PART
གཉིད་	གཉིད་	NOUN
དུ་	ལ་	PART
འགྲོ་ཁ་	འགྲོ་ཁ་	NO_POS
ར་	ལ་	PART
ཡང་	ཀྱང་	PART
།		PUNCT
དེ་	དེ་	DET
འི་	གི་	PART
ངང་	ངང་	NOUN
ལ་	ལ་	PART
ཉལ་བ་	ཉལ་བ་	VERB
ས་	གིས་	PART
རྨི་ལམ་	རྨི་ལམ་	NOUN
འོད་གསལ་	འོད་གསལ་	NOUN
ཏུ་	ལ་	PART
འཆར་	འཆར་	NO_POS
རོ་	རོ་	NOUN
། །		PUNCT
ཞེ་	ཅེས་	PART
དང་	དང་	NO_POS
།		PUNCT
སྒོ་གསུམ་	སྒོ་གསུམ་	OTHER
ལྷུག་པ་	ལྷུག་པ་	NO_POS
ར་	ལ་	PART
གློད་	གློད་	NO_POS
ལ་	ལ་	PART
གང་	གང་	NO_POS
ཤ་	ཤ་	VERB
ཅ་	ཅ་	OTHER
ར་	ལ་	PART
ཕོག་	ཕོག་	VERB
ཏུ་	ལ་	PART
རང་	རང་	PRON
སངས་	སངས་	VERB
ལ་	ལ་	PART
ཕྱལ་	ཕྱལ་	NO_POS
ཕྱལ་	ཕྱལ་	NO_POS
སོང་བ་	སོང་བ་	VERB
འི་	གི་	PART
ངང་	ངང་	NOUN
ངོས་བཟུང་བ་	ངོས་བཟུང་བ་	NOUN
འོ་	གོ་	PART
། །		PUNCT
ཞེ་	ཅེས་	PART
དང་	དང་	NO_POS
།		PUNCT
རིག་པ་	རིག་པ་	VERB
འཕྲོ་	འཕྲོ་	NOUN
འདུ་	འདུ་	VERB
མེད་པ་	མེད་པ་	VERB
ར་	ལ་	PART
གནས་པ་	གནས་པ་	VERB
འི་	གི་	PART
དུས་	དུས་	NOUN
ན་	ལ་	PART
གནས་ཆ་	གནས་ཆ་	NO_POS
འི་	གི་	PART
མི་	མི་	PART
རྟོག་པ་	རྟོག་པ་	VERB
དེ་ཉིད་	དེ་ཉིད་	NOUN
བསྒོམ་	བསྒོམ་	VERB
དུ་	ལ་	PART
འདོད་པ་	འདོད་པ་	VERB
མ་	མ་	PART
ཡིན་	ཡིན་	NO_POS
།		PUNCT
འདི་	འདི་	DET
འི་	གི་	PART
དུས་	དུས་	NOUN
ཀྱི་	གི་	PART
རིག་	རིག་	VERB
གེ་	གེ་	NO_POS
སིང་	སིང་	NO_POS
ངེ་བ་	ངེ་བ་	NO_POS
འི་	གི་	PART
གསལ་	གསལ་	VERB
དྭངས་	དྭངས་	NO_POS
ཀྱི་	གི་	PART
རིག་པ་	རིག་པ་	VERB
རྗེན་པ་	རྗེན་པ་	NO_POS
དེ་	སྟེ་	PART
མ་	མ་	PART
ཡེངས་པ་	ཡེངས་པ་	VERB
ར་	ལ་	PART
ཕྱལ་	ཕྱལ་	NO_POS
ལེ་	ལེ་	NO_POS
སྐྱོང་བ་	སྐྱོང་བ་	VERB
འོ་	གོ་	PART
། །		PUNCT
ཡང་	ཀྱང་	PART
རིག་པ་	རིག་པ་	VERB
ཡུལ་	ཡུལ་	NOUN
ལ་	ལ་	PART
འཆར་	འཆར་	NO_POS
དུས་	དུས་	NOUN
གང་	གང་	NO_POS
ཤ་	ཤ་	VERB
ལ་	ལ་	PART
བལྟ་བ་	བལྟ་བ་	VERB
དེ་	སྟེ་	PART
བསྒོམ་	བསྒོམ་	VERB
དུ་	ལ་	PART
འདོད་པ་	འདོད་པ་	VERB
མ་	མ་	PART
ཡིན་	ཡིན་	NO_POS
།		PUNCT
དེ་	དེ་	DET
འི་	གི་	PART
དུས་	དུས་	NOUN
སུ་	ལ་	PART
རིག་པ་	རིག་པ་	VERB
རང་	རང་	PRON
གསལ་	གསལ་	VERB
ལ་	ལ་	PART
རྗེན་པ་	རྗེན་པ་	NO_POS
འི་	གི་	PART
ཆ་	ཆ་	NOUN
དེ་	སྟེ་	PART
མ་	མ་	PART
ཡེངས་པ་	ཡེངས་པ་	VERB
ར་	ལ་	PART
སྐྱོང་བ་	སྐྱོང་བ་	VERB
འོ་	གོ་	PART
། །		PUNCT
གནད་	གནད་	NOUN
འདི་	འདི་	DET
མ་	མ་	PART
གོ་	གོ་	PART
ན་	ལ་	PART
གནས་པ་	གནས་པ་	VERB
དང་	དང་	NO_POS
འཆར་བ་	འཆར་བ་	VERB
གཉིས་	གཉིས་	NUM
ལ་	ལ་	PART
ལྟ་བ་	ལྟ་བ་	VERB
དེ་	སྟེ་	PART
བསྒོམ་པ་	བསྒོམ་པ་	VERB
འི་	གི་	PART
ངོ་བོ་	ངོ་བོ་	NOUN
ཡིན་	ཡིན་	NO_POS
སྙམ་	སྙམ་	VERB
ན་	ནས་	PART
འཁྲུལ་པ་	འཁྲུལ་པ་	NO_POS
ར་	ལ་	PART
འགྱུར་	འགྱུར་	VERB
རོ་	རོ་	NOUN
། །		PUNCT
སེམས་	སེམས་	NOUN
གནས་པ་	གནས་པ་	VERB
ཙམ་	ཙམ་	DET
བསམ་གཏན་	བསམ་གཏན་	NOUN
གྱི་	གི་	PART
ལྷ་	ལྷ་	NOUN
དང་	དང་	NO_POS
འདྲ་	འདྲ་	VERB
ལ་	ལ་	PART
།		PUNCT
འཆར་པ་	འཆར་པ་	NO_POS
ཙམ་	ཙམ་	DET
ཐ་མལ་	ཐ་མལ་	ADJ
གྱི་	གི་	PART
རྟོག་པ་	རྟོག་པ་	VERB
དང་	དང་	NO_POS
འདྲ་བ་	འདྲ་བ་	VERB
ས་	གིས་	PART
དེ་	སྟེ་	PART
ལ་	ལ་	PART
བསྒོམ་	བསྒོམ་	VERB
ཀྱང་	ཀྱང་	PART
སངས་རྒྱས་	སངས་རྒྱས་	NOUN
ཐོབ་	ཐོབ་	VERB
རེ་སྐན་	རེ་སྐན་	ADV
ནོ་	གོ་	PART
། །		PUNCT
འདི་	འདི་	DET
ར་	ལ་	PART
གང་	གང་	NO_POS
གི་	གི་	PART
དུས་	དུས་	NOUN
ཡིན་	ཡིན་	NO_POS
ཀྱང་	ཀྱང་	PART
རིག་པ་	རིག་པ་	VERB
འི་	གི་	PART
ཆ་	ཆ་	NOUN
རྗེན་པ་	རྗེན་པ་	NO_POS
ཟང་ཐལ་	ཟང་ཐལ་	OTHER
ཤེལ་	ཤེལ་	NOUN
གོང་	གོང་	NOUN
འདྲ་བ་	འདྲ་བ་	VERB
དེ་	སྟེ་	PART
ཀློང་	ཀློང་	NOUN
དུ་མ་	དུ་མ་	ADJ
གྱུར་	གྱུར་	VERB
བ་	བ་	NOUN
དུ་	ལ་	PART
སྐྱོང་	སྐྱོང་	VERB
ཞིང་	ཅིང་	PART
གྱུར་	གྱུར་	VERB
ན་	ནས་	PART
དེ་	དེ་	DET
འི་	གི་	PART
ངང་	ངང་	NOUN
ལ་	ལ་	PART
མི་	མི་	PART
འབྲལ་པ་	འབྲལ་པ་	NO_POS
ར་	ལ་	PART
གནས་པ་	གནས་པ་	VERB
ཡིན་	ཡིན་	NO_POS
ནོ་	གོ་	PART
། །		PUNCT
ཁྲེགས་ཆོད་	ཁྲེགས་ཆོད་	NO_POS
ཀྱི་	གི་	PART
དོན་	དོན་	NOUN
གོ་རིག་པ་	གོ་རིག་པ་	NO_POS
རྗེན་	རྗེན་	NO_POS
ལ་	ལ་	PART
ཕུད་	ཕུད་	NO_POS
ན་	ནས་	PART
སལ་	སལ་	NO_POS
སལ་	སལ་	NO_POS
སྐྱོང་པ་	སྐྱོང་པ་	VERB
དེ་	སྟེ་	PART
ལ་	ལ་	PART
ཟེར་བ་	ཟེར་བ་	VERB
འི་	གི་	PART
གནད་	གནད་	NOUN
འདི་ཁོ་ན་	འདི་ཁོ་ན་	NO_POS
གལ་ཆེ་	གལ་ཆེ་	OTHER
བ་	བ་	NOUN
ཡོད་པ་	ཡོད་པ་	VERB
ས་	གིས་	PART
ངོ་	གོ་	PART
ཤེས་པ་	ཤེས་པ་	VERB
ར་	ལ་	PART
བྱ་	བྱ་	VERB
འོ་	གོ་	PART
། །		PUNCT
ཞེ་	ཅེས་	PART
དང་	དང་	NO_POS
།		PUNCT
འོད་གསལ་	འོད་གསལ་	NOUN
སྤྱི་		
བསྒོམ་པ་	བསྒོམ་པ་	VERB
ནི་	ནི་	NO_POS
།		PUNCT
ཉིན་	ཉིན་	NOUN
དུས་	དུས་	NOUN
ལུས་གནད་	ལུས་གནད་	NO_POS
དང་	དང་	NO_POS
རླུང་	རླུང་	NOUN
གནད་	གནད་	NOUN
བསྟུན་	བསྟུན་	NO_POS
ན་	ནས་	PART
ཤེས་པ་	ཤེས་པ་	VERB
དྭངས་གསལ་	དྭངས་གསལ་	OTHER
ཕྱེད་པ་	ཕྱེད་པ་	VERB
ར་	ལ་	PART
སལ་	སལ་	NO_POS
ལེ་	ལེ་	NO_POS
ར་	ལ་	PART
རྒྱ་	རྒྱ་	NOUN
བསྐྱེད་	བསྐྱེད་	VERB
ན་	ནས་	PART
བསྒོམ་	བསྒོམ་	VERB
ཞིང་	ཅིང་	PART
།		PUNCT
མཚན་	མཚན་	NOUN
དུས་	དུས་	NOUN
སེང་གེ་	སེང་གེ་	NOUN
ཉལ་	ཉལ་	NO_POS
ལུགས་	ལུགས་	NOUN
ཀྱིས་	གིས་	PART
གཉིད་	གཉིད་	NOUN
དུ་	ལ་	PART
འགྲོ་ཁ་	འགྲོ་ཁ་	NO_POS
འི་	གི་	PART
ཤེས་པ་	ཤེས་པ་	VERB
རྟོག་	རྟོག་	VERB
མེད་	མེད་	VERB
ཀྱི་	གི་	PART
འོད་གསལ་	འོད་གསལ་	NOUN
ངོས་བཟུང་བ་	ངོས་བཟུང་བ་	NOUN
འི་	གི་	PART
ངང་	ངང་	NOUN
ལ་	ལ་	PART
ཉལ་བ་	ཉལ་བ་	VERB
ས་	གིས་	PART
རྨི་ལམ་	རྨི་ལམ་	NOUN
གང་ཡང་	གང་ཡང་	NO_POS
མེད་པ་	མེད་པ་	VERB
ར་	ལ་	PART
ངང་	ངང་	NOUN
དེ་ཉིད་	དེ་ཉིད་	NOUN
ལ་	ལ་	PART
གནས་	གནས་	NOUN
ཤིང་	ཅིང་	PART
ཉེ་འཁོར་	ཉེ་འཁོར་	NOUN
གྱི་	གི་	PART
སྣང་བ་	སྣང་བ་	VERB
འང་	ཀྱང་	PART
མཐོང་	མཐོང་	VERB
ལ་	ལ་	PART
རྟོག་དཔྱོད་	རྟོག་དཔྱོད་	NO_POS
གང་ཡང་	གང་ཡང་	NO_POS
མི་འགྱུར་བ་	མི་འགྱུར་བ་	NO_POS
ར་	ལ་	PART
གནས་	གནས་	NOUN
ཏེ་	སྟེ་	PART
།		PUNCT
གཉིད་	གཉིད་	NOUN
དུ་	ལ་	PART
སོང་	སོང་	VERB
བྱ་	བྱ་	VERB
ན་	ལ་	PART
སྣང་བ་	སྣང་བ་	VERB
སོ་སོ་	སོ་སོ་	PRON
ན་	ལ་	PART
གསལ་བ་	གསལ་བ་	VERB
ར་	ལ་	PART
ངེས་	ངེས་	VERB
ལ་	ལ་	PART
།		PUNCT
མ་	མ་	PART
སོང་	སོང་	VERB
བྱ་	བྱ་	VERB
ན་	ལ་	PART
སད་	སད་	VERB
རྒྱུ་	རྒྱུ་	NOUN
འབྱུང་པ་	འབྱུང་པ་	VERB
འོ་	གོ་	PART
། །		PUNCT
འདི་	འདི་	DET
འི་	གི་	PART
དུས་	དུས་	NOUN
ན་	ལ་	PART
འོད་	འོད་	NOUN
ལྔ་	ལྔ་	NUM
འི་	གི་	PART
སྣང་བ་	སྣང་བ་	VERB
ཐིག་ལེ་	ཐིག་ལེ་	NOUN
དང་	དང་	NO_POS
ཟེ་	ཟེ་	VERB
དང་	དང་	NO_POS
མར་མེ་	མར་མེ་	NOUN
ལྟ་བུ་	ལྟ་བུ་	NOUN
འི་	གི་	PART
སྣང་བ་	སྣང་བ་	VERB
ཡང་	ཀྱང་	PART
གསལ་བ་	གསལ་བ་	VERB
ར་	ལ་	PART
མཐོང་	མཐོང་	VERB
སྟེ་	སྟེ་	PART
སྣང་བ་	སྣང་བ་	VERB
འི་	གི་	PART
འོད་གསལ་	འོད་གསལ་	NOUN
ཞེ་	ཅེས་	PART
བྱ་	བྱ་	VERB
འོ་	གོ་	PART
། །		PUNCT
ཤེས་པ་	ཤེས་པ་	VERB
གསལ་	གསལ་	VERB
དྭངས་	དྭངས་	NO_POS
ཕྱེད་པ་	ཕྱེད་པ་	VERB
ནི་	ནི་	NO_POS
།		PUNCT
སྟོང་པ་	སྟོང་པ་	VERB
འི་	གི་	PART
འོད་གསལ་	འོད་གསལ་	NOUN
ཏེ་	སྟེ་	PART
བདེ་	བདེ་	VERB
གསལ་	གསལ་	VERB
མི་	མི་	PART
རྟོག་པ་	རྟོག་པ་	VERB
གསུམ་	གསུམ་	NUM
དུ་	ལ་	PART
གནས་	གནས་	NOUN
སོ་	གོ་	PART
། །		PUNCT
ཞེ་	ཅེས་	PART
དང་	དང་	NO_POS
།		PUNCT
རིག་པ་	རིག་པ་	VERB
རང་	རང་	PRON
གསལ་	གསལ་	VERB
གདངས་	གདངས་	NOUN
དང་	དང་	NO_POS
བཅས་པ་	བཅས་པ་	VERB
དབང་པོ་	དབང་པོ་	NOUN
འི་	གི་	PART
སྒོ་	སྒོ་	NOUN
ལ་	ལ་	PART
ལྟ་བ་	ལྟ་བ་	VERB
ར་	ལ་	PART
གཏན་	གཏན་	NOUN
ལ་	ལ་	PART
ཕབས་	ཕབས་	NOUN
ན་	ནས་	PART
།		PUNCT
ཡོད་མེད་	ཡོད་མེད་	ADJ
ཀྱི་	གི་	PART
ཡིད་དཔྱོད་	ཡིད་དཔྱོད་	NO_POS
རྟོག་པ་	རྟོག་པ་	VERB
འི་	གི་	PART
མཐའ་བྲལ་	མཐའ་བྲལ་	NOUN
ན་	ནས་	PART
རང་	རང་	PRON
དྭངས་	དྭངས་	NO_POS
རང་	རང་	PRON
སངས་	སངས་	VERB
ལྟ་བ་	ལྟ་བ་	VERB
འི་	གི་	PART
དགོངས་པ་	དགོངས་པ་	VERB
ནང་	ནང་	NOUN
དུ་	ལ་	PART
ཐག་	ཐག་	VERB
བཅད་	བཅད་	VERB
ལ་	ལ་	PART
།		PUNCT
གོལ་ས་	གོལ་ས་	VERB
གཅོད་པ་	གཅོད་པ་	VERB
ནི་	ནི་	NO_POS
།		PUNCT
ཐལ་འགྱུར་	ཐལ་འགྱུར་	OTHER
ལ་	ལ་	ADP
ས་	གིས་	PART
།		PUNCT
ལྟ་བ་	ལྟ་བ་	VERB
འི་	གི་	PART
ངོ་བོ་	ངོ་བོ་	NOUN
མཐོང་བ་	མཐོང་བ་	VERB
ལ་	ལ་	PART
། །		PUNCT
ཡིད་དཔྱོད་	ཡིད་དཔྱོད་	NO_POS
ཚིག་	ཚིག་	NOUN
གིས་	གིས་	PART
འགྱུ་བ་	འགྱུ་བ་	VERB
མེད་	མེད་	VERB
། །		PUNCT
ཅེས་	ཅེས་	PART
སོ་	གོ་	PART
། །		PUNCT
རང་	རང་	PRON
སངས་	སངས་	VERB
རང་སྣང་	རང་སྣང་	NO_POS
གི་	གི་	PART
ངང་	ངང་	NOUN
ལ་	ལ་	PART
སལ་	སལ་	NO_POS
ལེ་	ལེ་	NO_POS
བསྒོམ་	བསྒོམ་	VERB
ཡང་	ཀྱང་	PART
།		PUNCT
ཏིས་		NON_WORD
ཕུ་	ཕུ་	VERB
གཟུང་འཛིན་	གཟུང་འཛིན་	NOUN
དུ་མ་	དུ་མ་	ADJ
སོང་བ་	སོང་བ་	VERB
ས་	གིས་	PART
།		PUNCT
ཡངས་པ་	ཡངས་པ་	ADJ
ཁྲོལ་	ཁྲོལ་	VERB
ཆགས་	ཆགས་	VERB
སུ་	ལ་	PART
རྒྱ་	རྒྱ་	NOUN
བསྐྱེད་	བསྐྱེད་	VERB
དྭངས་	དྭངས་	NO_POS
ཕྱིན་	ཕྱིན་	VERB
མ་	མ་	PART
ཡེངས་	ཡེངས་	NO_POS
གཏིང་	གཏིང་	NOUN
གསལ་	གསལ་	VERB
གྱི་	གི་	PART
ཡེ་ཤེས་	ཡེ་ཤེས་	NOUN
ངོས་བཟུང་	ངོས་བཟུང་	NOUN
ལ་	ལ་	PART
ཕྱལ་	ཕྱལ་	NO_POS
ཡས་པ་	ཡས་པ་	VERB
ར་	ལ་	PART
བསྒོམས་པ་	བསྒོམས་པ་	VERB
ས་	གིས་	PART
གོལ་ས་	གོལ་ས་	VERB
མེད་	མེད་	VERB
།		PUNCT
ཅེས་	ཅེས་	PART
དང་	དང་	NO_POS
།		PUNCT
ཐལ་བྱུང་	ཐལ་བྱུང་	NO_POS
དུ་	ལ་	PART
ཤ་	ཤ་	VERB
ན་	ནས་	PART
ཐལ་བྱུང་	ཐལ་བྱུང་	NO_POS
དུ་	ལ་	PART
གྲོལ་	གྲོལ་	VERB
ཏེ་	སྟེ་	PART
།		PUNCT
བ་	བ་	NOUN
དེ་	དེ་	DET
ར་	ལ་	PART
སྤང་	སྤང་	VERB
གཉེན་	གཉེན་	NOUN
གྱི་	གི་	PART
འཁྲིས་	འཁྲིས་	NO_POS
མ་	མ་	PART
ཞུགས་	ཞུགས་	VERB
།		PUNCT
ངོ་སྤྲོད་	ངོ་སྤྲོད་	NOUN
ཀྱི་	གི་	PART
ཕན་ཡོན་	ཕན་ཡོན་	NOUN
མི་	མི་	PART
བསྒོམ་	བསྒོམ་	VERB
གང་	གང་	NO_POS
སྣང་	སྣང་	VERB
གི་	གི་	PART
དུས་	དུས་	NOUN
ན་	ལ་	PART
སྣང་	སྣང་	VERB
ཐོག་	ཐོག་	NOUN
དེ་	དེ་	DET
ར་	ལ་	PART
བཞག་པ་	བཞག་པ་	VERB
ས་	གིས་	PART
རིག་	རིག་	VERB
ཐོག་	ཐོག་	NOUN
ཏུ་	ལ་	PART
གྲོལ་	གྲོལ་	VERB
ན་	ནས་	PART
ཧ་	ཧ་	VERB
སངས་	སངས་	VERB
རི་	རི་	NOUN
མེད་	མེད་	VERB
ཕྱལ་	ཕྱལ་	NO_POS
བ་	བ་	NOUN
བུན་བུན་	བུན་བུན་	NO_POS
སངས་	སངས་	VERB
ན་	ནས་	PART
གཉིས་	གཉིས་	NUM
བཅའ་	བཅའ་	VERB
ཀྱི་	གི་	PART
ཆོ་	ཆོ་	NOUN
ལ་	ལ་	PART
འཛིན་པ་	འཛིན་པ་	VERB
མ་	མ་	PART
ཞུགས་པ་	ཞུགས་པ་	VERB
སྟེ་	སྟེ་	PART
།		PUNCT
ཞེ་	ཅེས་	PART
དང་	དང་	NO_POS
།		PUNCT
རིག་པ་	རིག་པ་	VERB
ཀ་དག་	ཀ་དག་	OTHER
ཟང་མ་	ཟང་མ་	NO_POS
འདི་	འདི་	DET
རྗེན་པ་	རྗེན་པ་	NO_POS
ར་	ལ་	PART
ངོ་	ངོ་	NOUN
མ་ཟིན་	མ་ཟིན་	NO_POS
ན་	ལ་	PART
ལྟ་	ལྟ་	NOUN
སྒོམ་	སྒོམ་	VERB
ཐམས་ཅད་	ཐམས་ཅད་	DET
ཡིད་དཔྱོད་	ཡིད་དཔྱོད་	NO_POS
སེམས་	སེམས་	NOUN
ཀྱི་	གི་	PART
སྒྲིབ་པ་	སྒྲིབ་པ་	VERB
ར་	ལ་	PART
སོང་བ་	སོང་བ་	VERB
ས་	གིས་	PART
།		PUNCT
གཉེན་པོ་	གཉེན་པོ་	NOUN
དུག་	དུག་	NOUN
ཏུ་	ལ་	PART
སོང་བ་	སོང་བ་	VERB
བཤལ་སྨན་	བཤལ་སྨན་	NO_POS
		
བརྫངས་པ་	བརྫངས་པ་	VERB
ལྟ་བུ་	ལྟ་བུ་	NOUN
ཞིག་	ཅིག་	PART
ཡིན་	ཡིན་	NO_POS
ནོ་	གོ་	PART
། །		PUNCT
ཞེ་	ཅེས་	PART
དང་	དང་	NO_POS
།		PUNCT
ཁྲེགས་ཆོད་	ཁྲེགས་ཆོད་	NO_POS
ཐོད་རྒལ་	ཐོད་རྒལ་	OTHER
གང་	གང་	NO_POS
ལ་	ལ་	ADP
འང་	ཀྱང་	PART
རིག་པ་	རིག་པ་	VERB
ཟང་ཐལ་	ཟང་ཐལ་	OTHER
འདི་	འདི་	DET
རྗེན་	རྗེན་	NO_POS
ལ་	ལ་	PART
འབུད་	འབུད་	NO_POS
དགོས་	དགོས་	VERB
།		PUNCT
ཞེ་	ཅེས་	PART
དང་	དང་	NO_POS
།		PUNCT
ཁྲེགས་ཆོད་	ཁྲེགས་ཆོད་	NO_POS
དེ་	སྟེ་	PART
སྒོམ་ཆེན་པ་	སྒོམ་ཆེན་པ་	NOUN
རྨོངས་པ་	རྨོངས་པ་	VERB
ཀུན་	ཀུན་	DET
གྱི་	གི་	PART
ལམ་	གམ་	PART
དང་	དང་	NO_POS
འདྲེ་	འདྲེ་	VERB
ན་	ནས་	PART
སེམས་	སེམས་	NOUN
འཛིན་	འཛིན་	VERB
གྱི་	གི་	PART
ཐབས་	ཐབས་	NOUN
སྐོལ་	སྐོལ་	NO_POS
ཚེ་	ཚེ་	NOUN
བ་	བ་	NOUN
འཆོར་བ་	འཆོར་བ་	VERB
ས་	གིས་	PART
འཁོར་བ་	འཁོར་བ་	NOUN
ལས་མི་	ལས་མི་	NOUN
འདའ་བ་	འདའ་བ་	VERB
དང་	དང་	NO_POS
།		PUNCT
ཐོད་རྒལ་	ཐོད་རྒལ་	OTHER
དེ་	སྟེ་	PART
དངོས་པོ་	དངོས་པོ་	NOUN
དང་	དང་	NO_POS
མཚན་མ་	མཚན་མ་	NOUN
ར་	ལ་	PART
ཞེན་པ་	ཞེན་པ་	VERB
ས་	གིས་	PART
གཟུགས་ཁམས་	གཟུགས་ཁམས་	NO_POS
ཀྱི་	གི་	PART
གནས་	གནས་	NOUN
སུ་	ལ་	PART
གོལ་	གོལ་	NO_POS
འགྲོ་བ་	འགྲོ་བ་	VERB
ཡིན་པ་	ཡིན་པ་	AUX
ས་	གིས་	PART
།		PUNCT
འདི་	འདི་	DET
ར་	ལ་	PART
ཟང་	ཟང་	NO_POS
ཀ་	ཀ་	DET
རྗེན་པ་	རྗེན་པ་	NO_POS
ངོ་	གོ་	PART
ཤེས་པ་	ཤེས་པ་	VERB
གལ་ཆེ་	གལ་ཆེ་	OTHER
འོ་	གོ་	PART
། །		PUNCT
འདི་	འདི་	DET
ཤེས་པ་	ཤེས་པ་	VERB
ཙམ་	ཙམ་	DET
གྱིས་	གིས་	PART
མི་	མི་	PART
ཆོག་	ཆོག་	VERB
གཏན་	གཏན་	NOUN
སྲིད་	སྲིད་	NOUN
ཟིན་	ཟིན་	VERB
དགོས་	དགོས་	VERB
།		PUNCT
དེ་	སྟེ་	PART
ལ་	ལ་	PART
དེ་	དེ་	DET
འི་	གི་	PART
ངང་	ངང་	NOUN
ལས་མ་	ལས་མ་	NO_POS
གཡོས་པ་	གཡོས་པ་	VERB
གལ་ཆེ་	གལ་ཆེ་	OTHER
བ་	བ་	ADP
།		PUNCT
ཞེ་	ཅེས་	PART
དང་	དང་	NO_POS
།		PUNCT
འདི་	འདི་	DET
ར་	ལ་	PART
སྣང་	སྣང་	VERB
ཤེ་	ཤེ་	VERB
གཉིས་	གཉིས་	NUM
མེད་	མེད་	VERB
རོ་	རོ་	NOUN
གཅིག་	གཅིག་	NUM
ཏུ་	ལ་	PART
ཉམས་	ཉམས་	NOUN
སུ་	ལ་	PART
བླངས་པ་	བླངས་པ་	VERB
ནི་	ནི་	NO_POS
།		PUNCT
དེ་	དེ་	DET
འང་	ཀྱང་	PART
ཐུན་མོང་བ་	ཐུན་མོང་བ་	ADJ
འི་	གི་	PART
ཚུལ་	ཚུལ་	NOUN
དང་	དང་	NO_POS
མ་	མ་	PART
འདྲེས་པ་	འདྲེས་པ་	VERB
ར་	ལ་	PART
གཅེ་	གཅེ་	VERB
ཏེ་	སྟེ་	PART
།		PUNCT
གང་	གང་	NO_POS
ཤར་བ་	ཤར་བ་	VERB
དེ་	སྟེ་	PART
ལ་	ལ་	PART
བལྟ་	བལྟ་	VERB
ན་	ལ་	PART
རྟོག་པ་	རྟོག་པ་	VERB
འི་	གི་	PART
ཉིང་འཁྲུལ་	ཉིང་འཁྲུལ་	NO_POS
ངང་	ངང་	NOUN
ལ་	ལ་	PART
གློད་	གློད་	NO_POS
ན་	ལ་	PART
རང་	རང་	PRON
ངོ་མ་	ངོ་མ་	OTHER
ཤེས་པ་	ཤེས་པ་	VERB
ས་	གིས་	PART
མུན་	མུན་	NOUN
སྒོམ་	སྒོམ་	VERB
ཅེར་	ཅེར་	NO_POS
ཅེར་	ཅེར་	NO_POS
ཉ་མ་	ཉ་མ་	NOUN
ཤོར་བ་	ཤོར་བ་	VERB
ར་	ལ་	PART
བཅད་	བཅད་	VERB
ན་	ནས་	PART
བ་	བ་	NOUN
གྱི་	གི་	PART
དྭངས་	དྭངས་	NO_POS
བཙལ་	བཙལ་	NO_POS
ན་	ལ་	PART
བླང་དོར་	བླང་དོར་	NOUN
རིས་ཆད་	རིས་ཆད་	NO_POS
དུ་	ལ་	PART
འགྲོ་བ་	འགྲོ་བ་	VERB
སྟེ་	སྟེ་	PART
།		PUNCT
དེ་དག་	དེ་དག་	OTHER
ལ་	ལ་	PART
རང་	རང་	PRON
ཤ་	ཤ་	VERB
གྱི་	གི་	PART
གནད་	གནད་	NOUN
མེད་པ་	མེད་པ་	VERB
ནི་	ནི་	NO_POS
ཕྱིང་བ་	ཕྱིང་བ་	NO_POS
འདྲ་	འདྲ་	VERB
ས་	ས་	ADP
ར་	ལ་	PART
ཁྱི་	ཁྱི་	NOUN
ལ་	ལ་	PART
ལྟོ་	ལྟོ་	NOUN
ཆེན་	ཆེན་	NO_POS
མེད་པ་	མེད་པ་	VERB
བཞིན་	བཞིན་	NOUN
ནོ་	གོ་	PART
། །		PUNCT
འདི་	འདི་	DET
ར་	ལ་	PART
སྙིང་ཐིག་	སྙིང་ཐིག་	NOUN
གསང་བ་	གསང་བ་	VERB
འི་	གི་	PART
རང་	རང་	PRON
གནད་	གནད་	NOUN
ནི་	ནི་	NO_POS
།		PUNCT
སྣང་	སྣང་	VERB
ངམ་	གམ་	PART
ཤ་	ཤ་	VERB
རམ་	གམ་	PART
གང་	གང་	NO_POS
གི་	གི་	PART
དུས་	དུས་	NOUN
ན་	ན་	ADP
འང་	ཀྱང་	PART
།		PUNCT
རིག་པ་	རིག་པ་	VERB
ཟང་	ཟང་	NO_POS
ཀ་	ཀ་	DET
དེ་	སྟེ་	PART
ངོས་བཟུང་	ངོས་བཟུང་	NOUN
བ་	བ་	ADP
།		PUNCT
གཞན་	གཞན་	DET
གང་	གང་	NO_POS
ལ་	ལ་	PART
ལྟོ་	ལྟོ་	VERB
མི་	མི་	PART
དགོས་	དགོས་	VERB
ཏེ་	སྟེ་	PART
།		PUNCT
དེ་	དེ་	DET
འི་	གི་	PART
དུས་	དུས་	NOUN
སུ་	ལ་	PART
དུས་གསུམ་	དུས་གསུམ་	OTHER
ཡིད་	ཡིད་	NOUN
ཀྱི་	གི་	PART
འབྲེལ་ཐག་	འབྲེལ་ཐག་	NOUN
ཆད་པ་	ཆད་པ་	VERB
འི་	གི་	PART
།		PUNCT
རིག་པ་	རིག་པ་	VERB
རྗེན་པ་	རྗེན་པ་	NO_POS
ཟང་	ཟང་	NO_POS
ངེ་བ་	ངེ་བ་	NO_POS
དེ་	སྟེ་	PART
ཆོས་སྐུ་	ཆོས་སྐུ་	NOUN
རང་བབ་	རང་བབ་	NO_POS
ཀྱི་	གི་	PART
དགོངས་པ་	དགོངས་པ་	VERB
ར་	ལ་	PART
རང་	རང་	PRON
ཤར་བ་	ཤར་བ་	VERB
ས་	གིས་	PART
འོད་གསལ་	འོད་གསལ་	NOUN
མཉམ་པ་	མཉམ་པ་	VERB
ཆེན་པོ་	ཆེན་པོ་	ADJ
ར་	ལ་	PART
ལྷུན་	ལྷུན་	NOUN
གྱིས་	གིས་	PART
གྲུབ་	གྲུབ་	VERB
སྟེ་	སྟེ་	PART
།		PUNCT
འདི་	འདི་	DET
ལ་	ལ་	PART
གང་	གང་	NO_POS
ཤ་	ཤ་	VERB
ཡང་	ཀྱང་	PART
འདས་པ་	འདས་པ་	VERB
ལ་	ལ་	PART
ཡང་	ཀྱང་	PART
མི་	མི་	PART
རྟོག་	རྟོག་	VERB
།		PUNCT
མ་འོངས་པ་	མ་འོངས་པ་	OTHER
ལ་	ལ་	PART
ཡང་	ཀྱང་	PART
མི་	མི་	PART
བསམ་	བསམ་	NOUN
།		PUNCT
ད་ལྟ་བ་	ད་ལྟ་བ་	OTHER
ལ་བ་	ལ་བ་	NOUN
ར་	ལ་	PART
དུ་	ལ་	PART
མི་	མི་	PART
དཔྱོད་པ་	དཔྱོད་པ་	VERB
ར་	ལ་	PART
རིག་པ་	རིག་པ་	VERB
ཟང་མ་	ཟང་མ་	NO_POS
རྗེན་	རྗེན་	NO_POS
ནེ་	ནེ་	NO_POS
ངོས་འཛིན་པ་	ངོས་འཛིན་པ་	NOUN
ས་	གིས་	PART
ངང་	ངང་	NOUN
ལས་མ་	ལས་མ་	NO_POS
གཡོས་པ་	གཡོས་པ་	VERB
ར་	ལ་	PART
བྱ་	བྱ་	VERB
།		PUNCT
ཞེ་	ཅེས་	PART
དང་	དང་	NO_POS
།		PUNCT
བསྡུ་	བསྡུ་	VERB
ན་	ལ་	PART
རང་	རང་	PRON
ངོ་	གོ་	PART
རང་བཞིན་	རང་བཞིན་	NOUN
གྱིས་	གིས་	PART
བསམ་གཏན་	བསམ་གཏན་	NOUN
ལ་	ལ་	PART
གནས་པ་	གནས་པ་	VERB
དང་	དང་	NO_POS
།		PUNCT
དེ་ལས་	དེ་ལས་	NO_POS
རྩལ་	རྩལ་	NOUN
སྣང་ཡུལ་	སྣང་ཡུལ་	OTHER
ཐོག་	ཐོག་	NOUN
ཏུ་	ལ་	PART
འཆར་བ་	འཆར་བ་	VERB
འི་	གི་	PART
དུས་	དུས་	NOUN
ན་	ལ་	PART
ངོས་བཟུང་བ་	ངོས་བཟུང་བ་	NOUN
གཉིས་	གཉིས་	NUM
ལ་	ལ་	ADP
ས་	གིས་	PART
རང་བབ་	རང་བབ་	NO_POS
ནི་	ནི་	NO_POS
རེ་དོགས་	རེ་དོགས་	NOUN
འབྱུང་	འབྱུང་	VERB
འཇུག་	འཇུག་	VERB
མེད་པ་	མེད་པ་	VERB
ར་	ལ་	PART
ལྷན་ནེ་	ལྷན་ནེ་	ADJ
གནས་དུས་	གནས་དུས་	NOUN
ཀྱི་	གི་	PART
གནས་ཆ་	གནས་ཆ་	NO_POS
དེ་	སྟེ་	PART
བསམ་གཏན་	བསམ་གཏན་	NOUN
ཡིན་པ་	ཡིན་པ་	AUX
ས་	གིས་	PART
བཞག་	བཞག་	VERB
ལ་	ལ་	PART
།		PUNCT
རིག་	རིག་	VERB
གེ་	གེ་	NO_POS
སིང་	སིང་	NO_POS
ངེ་བ་	ངེ་བ་	NO_POS
ཅ་	ཅ་	OTHER
ར་	ལ་	PART
ཕོག་	ཕོག་	VERB
ཏུ་	ལ་	PART
ངོས་བཟུང་	ངོས་བཟུང་	NOUN
ན་	ནས་	PART
ངང་	ངང་	NOUN
ལ་	ལ་	PART
སྐྱོངས་	སྐྱོངས་	VERB
།		PUNCT
ཞེ་	ཅེས་	PART
དང་	དང་	NO_POS
།		PUNCT
རིག་པ་	རིག་པ་	VERB
འི་	གི་	PART
གདངས་	གདངས་	NOUN
ལ་	ལ་	ADP
ས་	གིས་	PART
རྩལ་	རྩལ་	NOUN
ཡུལ་	ཡུལ་	NOUN
ཐོག་	ཐོག་	NOUN
ཏུ་	ལ་	PART
འཆར་	འཆར་	NO_POS
འཆར་	འཆར་	NO_POS
འདྲ་བ་	འདྲ་བ་	VERB
འི་	གི་	PART
དུས་	དུས་	NOUN
ཀྱི་	གི་	PART
གྱ་མ་གྱུ་	གྱ་མ་གྱུ་	NO_POS
འཕྲོ་བ་	འཕྲོ་བ་	VERB
འི་	གི་	PART
ཆ་	ཆ་	NOUN
དེ་	སྟེ་	PART
རྟོག་པ་	རྟོག་པ་	VERB
རླུང་	རླུང་	NOUN
གི་	གི་	PART
རྟ་	རྟ་	NOUN
ས་	གིས་	PART
བསྐྱོད་པ་	བསྐྱོད་པ་	VERB
ཡིན་པ་	ཡིན་པ་	AUX
ས་	གིས་	PART
བཞག་	བཞག་	VERB
ལ་	ལ་	PART
།		PUNCT
དེ་	དེ་	DET
འི་	གི་	PART
ཆ་	ཆ་	NOUN
ལ་	ལ་	PART
རིག་	རིག་	VERB
ཆ་	ཆ་	NOUN
གཅིག་	གཅིག་	NUM
འདུག་པ་	འདུག་པ་	VERB
དེ་	སྟེ་	PART
ཅ་	ཅ་	OTHER
ར་	ལ་	PART
ཕོག་	ཕོག་	VERB
ཏུ་	ལ་	PART
ངོས་བཟུང་	ངོས་བཟུང་	NOUN
ན་	ནས་	PART
།		PUNCT
འཕྲོ་ཆ་	འཕྲོ་ཆ་	NO_POS
དེ་ག་	དེ་ག་	NO_POS
ར་	ལ་	PART
འགྲོ་	འགྲོ་	VERB
ར་	ལ་	PART
བཏང་བ་	བཏང་བ་	VERB
ས་	གིས་	PART
རང་	རང་	PRON
ཡལ་	ཡལ་	NO_POS
འགྲོ་	འགྲོ་	VERB
།		PUNCT
ཞེ་	ཅེས་	PART
དང་	དང་	NO_POS
།		PUNCT
འདི་	འདི་	DET
ལ་	ལ་	PART
ལག་ལེན་	ལག་ལེན་	NOUN
དུ་	ལ་	PART
བྱེད་པ་	བྱེད་པ་	VERB
ནི་	ནི་	NO_POS
།		PUNCT
རིག་པ་	རིག་པ་	VERB
ཟང་	ཟང་	NO_POS
ཀ་	ཀ་	DET
དེ་	དེ་	DET
འི་	གི་	PART
རྩལ་	རྩལ་	NOUN
ཤེས་པ་	ཤེས་པ་	VERB
ཡུལ་	ཡུལ་	NOUN
སྣང་བ་	སྣང་བ་	VERB
གསུམ་	གསུམ་	NUM
འཛོམ་	འཛོམ་	NO_POS
དུས་ཤེས་པ་	དུས་ཤེས་པ་	NO_POS
ཡུལ་	ཡུལ་	NOUN
ལ་	ལ་	PART
འཆར་	འཆར་	NO_POS
ཡང་	ཀྱང་	PART
།		PUNCT
དེ་	སྟེ་	PART
གཉིས་	གཉིས་	NUM
ལ་	ལ་	PART
མི་	མི་	PART
བསམ་པ་	བསམ་པ་	VERB
ར་	ལ་	PART
རིག་པ་	རིག་པ་	VERB
གཅིག་པུ་	གཅིག་པུ་	ADJ
དེ་	སྟེ་	PART
ངོས་བཟུང་	ངོས་བཟུང་	NOUN
བ་	བ་	ADP
ཡུལ་	ཡུལ་	NOUN
སེམས་	སེམས་	NOUN
གཉིས་	གཉིས་	NUM
རྒྱ་	རྒྱ་	NOUN
གྲོལ་	གྲོལ་	VERB
ལ་	ལ་	PART
འགྲོ་	འགྲོ་	VERB
སྟེ་	སྟེ་	PART
།		PUNCT
དོ་	གོ་	PART
ཐག་	ཐག་	VERB
གི་	གི་	PART
རྟོད་ཕུར་	རྟོད་ཕུར་	NO_POS
གཅིག་པུ་	གཅིག་པུ་	ADJ
དེ་	སྟེ་	PART
བཏོན་པ་	བཏོན་པ་	VERB
ས་	གིས་	PART
ཁལ་	ཁལ་	NOUN
ཐམས་ཅད་	ཐམས་ཅད་	DET
རྒྱ་	རྒྱ་	NOUN
གྲོལ་	གྲོལ་	VERB
ལ་	ལ་	PART
འགྲོ་བ་	འགྲོ་བ་	VERB
བཞིན་	བཞིན་	NOUN
ནོ་	གོ་	PART
། །		PUNCT
དེ་ཡང་	དེ་ཡང་	ADV
ཡུལ་	ཡུལ་	NOUN
ཤེས་པ་	ཤེས་པ་	VERB
ཡིད་	ཡིད་	NOUN
ལ་	ལ་	PART
བྱེད་པ་	བྱེད་པ་	VERB
གསུམ་པོ་	གསུམ་པོ་	NUM
དེ་	སྟེ་	PART
ལ་	ལ་	PART
ཀུན་རྟོག་	ཀུན་རྟོག་	NOUN
འཁོར་བ་	འཁོར་བ་	NOUN
འི་	གི་	PART
ཆོ་	ཆོ་	NOUN
ཞེ་	ཅེས་	PART
བརྗོད་པ་	བརྗོད་པ་	VERB
ས་	གིས་	PART
།		PUNCT
རིག་པ་	རིག་པ་	VERB
གཅིག་པུ་	གཅིག་པུ་	ADJ
ངོས་ཟིན་པ་	ངོས་ཟིན་པ་	NO_POS
ས་	གིས་	PART
དེ་	སྟེ་	PART
གསུམ་	གསུམ་	NUM
རྒྱ་	རྒྱ་	NOUN
གྲོལ་	གྲོལ་	VERB
ལ་	ལ་	PART
ཨ་	ཨ་	X
ར་	ལ་	PART
སངས་པ་	སངས་པ་	VERB
ནི་	ནི་	NO_POS
།		PUNCT
ཚིག་	ཚིག་	NOUN
དང་	དང་	NO_POS
བློ་	བློ་	NOUN
ཟད་པ་	ཟད་པ་	VERB
འི་	གི་	PART
ཆོས་ཉིད་	ཆོས་ཉིད་	NOUN
རང་བྱུང་	རང་བྱུང་	NOUN
གི་	གི་	PART
ཡེ་ཤེས་	ཡེ་ཤེས་	NOUN
སོ་	གོ་	PART
། །		PUNCT
ཞེ་	ཅེས་	PART
དང་	དང་	NO_POS
།		PUNCT
འུབས་	འུབས་	NO_POS
ཀྱིས་	གིས་	PART
དྲིལ་	དྲིལ་	VERB
ན་	ལ་	PART
ཕྱི་སྣང་བ་	ཕྱི་སྣང་བ་	NO_POS
དང་	དང་	NO_POS
ནང་	ནང་	NOUN
ཤེས་པ་	ཤེས་པ་	VERB
གཉིས་པོ་	གཉིས་པོ་	NUM
ཅོག་	ཅོག་	DET
བཞག་	བཞག་	VERB
ལ་	ལ་	PART
བསྐྱུར་པ་	བསྐྱུར་པ་	NO_POS
འི་	གི་	PART
བ་	བ་	NOUN
དེ་	དེ་	DET
ར་	ལ་	PART
ཤེས་པ་	ཤེས་པ་	VERB
ཟང་	ཟང་	NO_POS
ཀ་	ཀ་	DET
གཅིག་	གཅིག་	NUM
ཏུ་	ལ་	PART
འགག་	འགག་	VERB
ས་	གིས་	PART
བསྡམས་	བསྡམས་	NO_POS
།		PUNCT
ཞེ་	ཅེས་	PART
དང་	དང་	NO_POS
།		PUNCT
ཆོས་སྐུ་	ཆོས་སྐུ་	NOUN
དང་	དང་	NO_POS
ཀུན་གཞི་	ཀུན་གཞི་	NOUN
འི་	གི་	PART
དབྱེ་བ་	དབྱེ་བ་	VERB
ནི་	ནི་	NO_POS
།		PUNCT
རིག་པ་	རིག་པ་	VERB
འི་	གི་	PART
རང་	རང་	PRON
ངོ་	གོ་	PART
མེ་ལོང་	མེ་ལོང་	NOUN
ལྟ་བུ་	ལྟ་བུ་	NOUN
འི་	གི་	PART
རྩལ་	རྩལ་	NOUN
དྭངས་	དྭངས་	NO_POS
ཆ་	ཆ་	NOUN
ལྟ་བུ་	ལྟ་བུ་	NOUN
ལ་	ལ་	ADP
ས་	གིས་	PART
རོལ་པ་	རོལ་པ་	VERB
གཟུགས་བརྙན་	གཟུགས་བརྙན་	NOUN
དང་	དང་	NO_POS
འདྲ་བ་	འདྲ་བ་	VERB
ར་	ལ་	PART
ཤ་	ཤ་	VERB
དུས་	དུས་	NOUN
རིག་པ་	རིག་པ་	VERB
འི་	གི་	PART
ངོ་བོ་	ངོ་བོ་	NOUN
ཆོས་སྐུ་	ཆོས་སྐུ་	NOUN
ར་	ལ་	PART
གནས་པ་	གནས་པ་	VERB
འི་	གི་	PART
ངང་	ངང་	NOUN
ལས་མ་	ལས་མ་	NO_POS
གཡོས་པ་	གཡོས་པ་	VERB
ར་	ལ་	PART
བྱ་བ་	བྱ་བ་	VERB
ནི་	ནི་	NO_POS
ཆོས་སྐུ་	ཆོས་སྐུ་	NOUN
འོ་	གོ་	PART
། །		PUNCT
ཀུན་གཞི་	ཀུན་གཞི་	NOUN
ནི་	ནི་	NO_POS
རིག་པ་	རིག་པ་	VERB
ཟང་མ་	ཟང་མ་	NO_POS
མ་	མ་	PART
རྟོགས་པ་	རྟོགས་པ་	VERB
འི་	གི་	PART
ལུང་	ལུང་	NOUN
མ་	མ་	PART
བསྟན་	བསྟན་	VERB
ཏེ་	སྟེ་	PART
།		PUNCT
དེ་	དེ་	DET
འི་	གི་	PART
ངང་	ངང་	NOUN
ལ་	ལ་	PART
གནས་	གནས་	NOUN
ན་	ལ་	PART
ཁམས་	ཁམས་	NOUN
གོང་མ་	གོང་མ་	ADJ
འི་	གི་	PART
ལ་	ལ་	ADP
ས་	གིས་	PART
གསོག་པ་	གསོག་པ་	VERB
འི་	གི་	PART
བསམ་གཏན་	བསམ་གཏན་	NOUN
གྱི་	གི་	PART
སྒྲིབ་པ་	སྒྲིབ་པ་	VERB
འོ་	གོ་	PART
། །		PUNCT
དེ་	དེ་	DET
འི་	གི་	PART
ངང་	ངང་	NOUN
ལ་	ལ་	PART
ཀུན་གཞི་	ཀུན་གཞི་	NOUN
རྣམ་པ་	རྣམ་པ་	NOUN
ར་	ལ་	PART
ཤེས་པ་	ཤེས་པ་	VERB
འི་	གི་	PART
ཆ་	ཆ་	NOUN
དང་	དང་	NO_POS
།		PUNCT
ཚོགས་	ཚོགས་	NOUN
དྲུག་	དྲུག་	NUM
ཡུལ་	ཡུལ་	NOUN
ལ་	ལ་	PART
འཆར་བ་	འཆར་བ་	VERB
འི་	གི་	PART
དབང་ཤེས་	དབང་ཤེས་	NO_POS
ཡུལ་	ཡུལ་	NOUN
ལ་	ལ་	PART
ཕ་		
འཕྲོ་བ་	འཕྲོ་བ་	VERB
ནི་	ནི་	NO_POS
འཁོར་བ་	འཁོར་བ་	NOUN
ཟང་	ཟང་	NO_POS
ཀ་	ཀ་	DET
འི་	གི་	PART
ལ་	ལ་	ADP
ས་	གིས་	PART
གསོག་	གསོག་	VERB
སྟེ་	སྟེ་	PART
།		PUNCT
མདོར་ན་	མདོར་ན་	NO_POS
འཁོར་བ་	འཁོར་བ་	NOUN
འི་	གི་	PART
ཆོ་	ཆོ་	NOUN
ཐམས་ཅད་	ཐམས་ཅད་	DET
ཀུན་གཞི་	ཀུན་གཞི་	NOUN
ལ་	ལ་	PART
བརྟེན་པ་	བརྟེན་པ་	VERB
འོ་	གོ་	PART
། །		PUNCT
འདི་	འདི་	DET
ར་	ལ་	PART
རྣལ་འབྱོར་པ་	རྣལ་འབྱོར་པ་	NOUN
འི་	གི་	PART
ཀུན་གཞི་	ཀུན་གཞི་	NOUN
དང་	དང་	NO_POS
ཆོས་སྐུ་	ཆོས་སྐུ་	NOUN
མ་	མ་	PART
ཕྱེད་	ཕྱེད་	NUM
ན་	ལ་	PART
འཁོར་འདས་	འཁོར་འདས་	NOUN
ཀྱི་	གི་	PART
རྩ་བ་	རྩ་བ་	NOUN
མི་	མི་	PART
ཆོད་པ་	ཆོད་པ་	VERB
འི་	གི་	PART
ཆོ་	ཆོ་	NOUN
བྱ་	བྱ་	VERB
ཚད་	ཚད་	NOUN
འཁོར་བ་	འཁོར་བ་	NOUN
འི་	གི་	PART
སྣོན་པ་	སྣོན་པ་	NO_POS
ར་	ལ་	PART
འགྲོ་བ་	འགྲོ་བ་	VERB
ལ་	ལ་	ADP
ས་	གིས་	PART
བཟློག་པ་	བཟློག་པ་	VERB
ར་	ལ་	PART
བཤད་	བཤད་	VERB
དེ་	སྟེ་	PART
།		PUNCT
ཆོས་སྐུ་	ཆོས་སྐུ་	NOUN
ནི་	ནི་	NO_POS
ཟང་	ཟང་	NO_POS
ཀ་	ཀ་	DET
འི་	གི་	PART
རིག་པ་	རིག་པ་	VERB
རྗེན་	རྗེན་	NO_POS
ལ་	ལ་	PART
བུད་པ་	བུད་པ་	VERB
སྤྲོས་བྲལ་	སྤྲོས་བྲལ་	ADJ
སྟོང་གསལ་	སྟོང་གསལ་	NO_POS
འདི་	འདི་	DET
ཡིན་པ་	ཡིན་པ་	AUX
ས་	གིས་	PART
།		PUNCT
ལ་	ལ་	ADP
ས་	གིས་	PART
དང་	དང་	NO_POS
བག་ཆགས་	བག་ཆགས་	NOUN
ཀྱི་	གི་	PART
རྟེན་	རྟེན་	NOUN
མ་	མ་	PART
ཡིན་	ཡིན་	NO_POS
།		PUNCT
ངོ་བོ་	ངོ་བོ་	NOUN
སྟོང་པ་	སྟོང་པ་	VERB
ས་	གིས་	PART
ཆོས་སྐུ་	ཆོས་སྐུ་	NOUN
།		PUNCT
རང་བཞིན་	རང་བཞིན་	NOUN
གསལ་བ་	གསལ་བ་	VERB
ས་	གིས་	PART
ལོངས་སྐུ་	ལོངས་སྐུ་	NOUN
།		PUNCT
ཐུགས་རྗེ་	ཐུགས་རྗེ་	NOUN
འི་	གི་	PART
འཆར་གཞི་	འཆར་གཞི་	OTHER
མ་	མ་	PART
འགག་པ་	འགག་པ་	VERB
ས་	གིས་	PART
སྤྲུལ་སྐུ་	སྤྲུལ་སྐུ་	NOUN
ར་	ལ་	PART
གནས་པ་	གནས་པ་	VERB
འོ་	གོ་	PART
། །		PUNCT
ཀུན་གཞི་	ཀུན་གཞི་	NOUN
འི་	གི་	PART
ངོ་བོ་	ངོ་བོ་	NOUN
ལུང་	ལུང་	NOUN
མ་	མ་	PART
བསྟན་	བསྟན་	VERB
གཟུགས་	གཟུགས་	NOUN
མེད་པ་	མེད་པ་	VERB
འི་	གི་	PART
ཤེས་པ་	ཤེས་པ་	VERB
དང་	དང་	NO_POS
ཆ་	ཆ་	NOUN
འདྲ་བ་	འདྲ་བ་	VERB
གཏི་མུག་	གཏི་མུག་	NOUN
གིས་པ་	གིས་པ་	PART
འོ་	གོ་	PART
། །		PUNCT
རང་བཞིན་	རང་བཞིན་	NOUN
ཀུན་གཞི་	ཀུན་གཞི་	NOUN
འི་	གི་	PART
རྣམ་པ་	རྣམ་པ་	NOUN
ར་	ལ་	PART
ཤེས་པ་	ཤེས་པ་	VERB
འི་	གི་	PART
ཆ་	ཆ་	NOUN
དབང་ཤེས་	དབང་ཤེས་	NO_POS
རྣམས་	རྣམས་	DET
ཀྱི་	གི་	PART
འཆར་གཞི་	འཆར་གཞི་	OTHER
ར་	ལ་	PART
གྱུར་པ་	གྱུར་པ་	VERB
འོ་	གོ་	PART
། །		PUNCT
ཐུགས་རྗེ་	ཐུགས་རྗེ་	NOUN
འི་	གི་	PART
དོད་	དོད་	NO_POS
དུ་	ལ་	PART
ཚོགས་	ཚོགས་	NOUN
དྲུག་	དྲུག་	NUM
གི་	གི་	PART
ཤེས་པ་	ཤེས་པ་	VERB
ཡུལ་འཛིན་པ་	ཡུལ་འཛིན་པ་	NO_POS
དྭངས་པ་	དྭངས་པ་	VERB
འོ་	གོ་	PART
། །		PUNCT
དེ་དག་	དེ་དག་	OTHER
གིས་	གིས་	PART
འཁོར་བ་	འཁོར་བ་	NOUN
འི་	གི་	PART
ལ་	ལ་	ADP
ས་	གིས་	PART
དུ་མ་	དུ་མ་	ADJ
གསོག་པ་	གསོག་པ་	VERB
འོ་	གོ་	PART
། །		PUNCT
ད་ལྟ་	ད་ལྟ་	OTHER
ཀུན་གཞི་	ཀུན་གཞི་	NOUN
བསྒོམ་པ་	བསྒོམ་པ་	VERB
དང་	དང་	NO_POS
།		PUNCT
ཀུན་གཞི་	ཀུན་གཞི་	NOUN
འི་	གི་	PART
རྣམ་ཤེས་	རྣམ་ཤེས་	NOUN
ཤེས་པ་	ཤེས་པ་	VERB
དྭངས་	དྭངས་	NO_POS
ལ་	ལ་	PART
མི་	མི་	PART
རྟོག་པ་	རྟོག་པ་	VERB
ཙམ་	ཙམ་	DET
བསྒོམ་པ་	བསྒོམ་པ་	VERB
དང་	དང་	NO_POS
།		PUNCT
ཚོགས་	ཚོགས་	NOUN
དྲུག་	དྲུག་	NUM
གི་	གི་	PART
ཤེས་པ་	ཤེས་པ་	VERB
རྟོག་པ་	རྟོག་པ་	VERB
ཤ་	ཤ་	VERB
གྲོལ་	གྲོལ་	VERB
ཏུ་	ལ་	PART
སྐྱོང་བ་	སྐྱོང་བ་	VERB
ཐམས་ཅད་	ཐམས་ཅད་	DET
ཀྱང་	ཀྱང་	PART
ཁམས་	ཁམས་	NOUN
གསུམ་	གསུམ་	NUM
ལས་མི་	ལས་མི་	NOUN
འད་	འདའ་	VERB
འོ་	གོ་	PART
། །		PUNCT
འདི་	འདི་	DET
ར་	ལ་	PART
རིག་པ་	རིག་པ་	VERB
ཟང་ཐལ་	ཟང་ཐལ་	OTHER
དེ་	སྟེ་	PART
ངོས་འཛིན་པ་	ངོས་འཛིན་པ་	NOUN
ས་	གིས་	PART
རྩ་བ་	རྩ་བ་	NOUN
ཆོས་སྐུ་	ཆོས་སྐུ་	NOUN
ཡིན་	ཡིན་	NO_POS
།		PUNCT
རྟོག་	རྟོག་	VERB
མེད་	མེད་	VERB
ཀྱི་	གི་	PART
ཞི་གནས་	ཞི་གནས་	NOUN
ལ་	ལ་	PART
བསྒོམ་	བསྒོམ་	VERB
མི་	མི་	PART
རེ་བ་	རེ་བ་	VERB
ས་	གིས་	PART
ཀུན་གཞི་	ཀུན་གཞི་	NOUN
ལོག་	ལོག་	VERB
།		PUNCT
དྭངས་	དྭངས་	NO_POS
དྭངས་པོ་	དྭངས་པོ་	NO_POS
བསྒོམ་པ་	བསྒོམ་པ་	VERB
ལམ་	གམ་	PART
དུ་	ལ་	PART
མི་	མི་	PART
བྱེད་པ་	བྱེད་པ་	VERB
ས་	གིས་	PART
ཀུན་གཞི་	ཀུན་གཞི་	NOUN
འི་	གི་	PART
རྣམ་ཤེས་	རྣམ་ཤེས་	NOUN
ལོག་	ལོག་	VERB
།		PUNCT
རྟོག་པ་	རྟོག་པ་	VERB
ཕྱི་	ཕྱི་	OTHER
ཤར་བ་	ཤར་བ་	VERB
ལམ་	གམ་	PART
དུ་	ལ་	PART
མི་	མི་	PART
བྱེད་པ་	བྱེད་པ་	VERB
ས་	གིས་	PART
ཚོགས་	ཚོགས་	NOUN
དྲུག་	དྲུག་	NUM
གི་	གི་	PART
ཤེས་པ་	ཤེས་པ་	VERB
ལོག་པ་	ལོག་པ་	VERB
སྟེ་	སྟེ་	PART
།		PUNCT
སྐུ་གསུམ་	སྐུ་གསུམ་	OTHER
གྱི་	གི་	PART
ཡེ་ཤེས་	ཡེ་ཤེས་	NOUN
ལ་	ལ་	PART
རྒྱུན་	རྒྱུན་	NOUN
དུ་	ལ་	PART
གནས་	གནས་	NOUN
ཏེ་	སྟེ་	PART
།		PUNCT
ངོ་བོ་	ངོ་བོ་	NOUN
གང་	གང་	NO_POS
དུའང་		NON_WORD
མ་གྲུབ་པ་	མ་གྲུབ་པ་	NO_POS
འི་	གི་	PART
རིག་པ་	རིག་པ་	VERB
སྟོང་པ་	སྟོང་པ་	VERB
བབ་	བབ་	VERB
ཀྱིས་	གིས་	PART
གནས་པ་	གནས་པ་	VERB
ས་	གིས་	PART
ཆོས་སྐུ་	ཆོས་སྐུ་	NOUN
།		PUNCT
ཡེ་ཤེས་	ཡེ་ཤེས་	NOUN
ཟང་ཐལ་	ཟང་ཐལ་	OTHER
གསལ་	གསལ་	VERB
དྭངས་	དྭངས་	NO_POS
བཅས་པ་	བཅས་པ་	VERB
ས་	གིས་	PART
ལོངས་སྐུ་	ལོངས་སྐུ་	NOUN
།		PUNCT
ཡེ་ཤེས་	ཡེ་ཤེས་	NOUN
འཆར་གཞི་	འཆར་གཞི་	OTHER
མ་	མ་	PART
འགག་པ་	འགག་པ་	VERB
འི་	གི་	PART
རིག་པ་	རིག་པ་	VERB
ཟང་མ་	ཟང་མ་	NO_POS
ར་	ལ་	PART
རྟོགས་	རྟོགས་	VERB
བ་	བ་	ADP
སྤྲུལ་སྐུ་	སྤྲུལ་སྐུ་	NOUN
འི་	གི་	PART
ཡེ་ཤེས་	ཡེ་ཤེས་	NOUN
སོ་	གོ་	PART
། །		PUNCT
ནམ་ཡང་	ནམ་ཡང་	OTHER
རིག་པ་	རིག་པ་	VERB
ཟང་ཐལ་	ཟང་ཐལ་	OTHER
དུ་	ལ་	PART
རྗེན་	རྗེན་	NO_POS
ལ་	ལ་	PART
བུད་པ་	བུད་པ་	VERB
དགོས་པ་	དགོས་པ་	VERB
འི་	གི་	PART
གནད་	གནད་	NOUN
དེ་	སྟེ་	PART
ཡིན་	ཡིན་	NO_POS
ནོ་	གོ་	PART
། །		PUNCT
ཞེ་	ཅེས་	PART
གསུངས་པ་	གསུངས་པ་	VERB
ས་	གིས་	PART
ན་	ལ་	PART
འདི་དག་	འདི་དག་	NO_POS
རྫོགས་པ་	རྫོགས་པ་	VERB
ཆེན་པོ་	ཆེན་པོ་	ADJ
རྣམས་	རྣམས་	DET
ལ་	ལ་	PART
ཤིན་ཏུ་	ཤིན་ཏུ་	NO_POS
གལ་ཆེ་	གལ་ཆེ་	OTHER
བ་	བ་	NOUN
ཡོད་པ་	ཡོད་པ་	VERB
ས་	གིས་	PART
རྟོགས་པ་	རྟོགས་པ་	VERB
ར་	ལ་	PART
བྱ་	བྱ་	VERB
འོ་	གོ་	PART
། །		PUNCT
ཀུན་མཁྱེན་	ཀུན་མཁྱེན་	OTHER
ཆེན་པོ་	ཆེན་པོ་	ADJ
ཀློང་ཆེན་	ཀློང་ཆེན་	PROPN
རབ་འབྱམས་པ་	རབ་འབྱམས་པ་	ADJ
སླར་ཡང་	སླར་ཡང་	OTHER
སྙིགས་དུས་	སྙིགས་དུས་	OTHER
འགྲོ་བ་	འགྲོ་བ་	VERB
འི་	གི་	PART
དཔལ་	དཔལ་	OTHER
དུ་	ལ་	PART
ཤར་བ་	ཤར་བ་	VERB
མཁྱེན་བརྩེ་	མཁྱེན་བརྩེ་	PROPN
འི་	གི་	PART
འོད་ཟེར་	འོད་ཟེར་	NOUN
རམ་	གམ་	PART
འཇིགས་མེད་	འཇིགས་མེད་	PROPN
གླིང་པ་	གླིང་པ་	NOUN
འི་	གི་	PART
ཞལ་	ཞལ་	NOUN
གྱི་	གི་	PART
བུམ་	བུམ་	NOUN
བཟང་	བཟང་	VERB
ལ་	ལ་	ADP
ས་	གིས་	PART
།		PUNCT
ཐུན་མོང་	ཐུན་མོང་	ADJ
མ་ཡིན་པ་	མ་ཡིན་པ་	OTHER
དམུས་ལོང་	དམུས་ལོང་	NOUN
མིག་	མིག་	NOUN
ཕྱེ་བ་	ཕྱེ་བ་	VERB
ལྟ་	ལྟ་	OTHER
མངོན་སུམ་	མངོན་སུམ་	NOUN
ཅ་	ཅ་	OTHER
ར་	ལ་	PART
ཕོག་	ཕོག་	VERB
ཏུ་	ལ་	PART
ངོ་སྤྲོད་པ་	ངོ་སྤྲོད་པ་	NOUN
ནི་	ནི་	NO_POS
།		PUNCT
སློབ་མ་	སློབ་མ་	NOUN
མི་	མི་	PART
འགྱུར་	འགྱུར་	VERB
རྡོ་རྗེ་	རྡོ་རྗེ་	NOUN
འི་	གི་	PART
འདུག་སྟངས་	འདུག་སྟངས་	NO_POS
བྱེད་	བྱེད་	VERB
དུ་	ལ་	PART
བཅུག་	བཅུག་	VERB
ལ་	ལ་	PART
ཌཱ་	ཌཱ་	NO_POS
དྲིལ་	དྲིལ་	VERB
དང་	དང་	NO_POS
བཅའ་	བཅའ་	VERB
བརྒྱུད་པ་	བརྒྱུད་པ་	VERB
འི་	གི་	PART
གསོལ་འདེབས་	གསོལ་འདེབས་	NOUN
སྣང་བ་	སྣང་བ་	VERB
འགྱུར་བ་	འགྱུར་བ་	VERB
འི་	གི་	PART
དབྱངས་	དབྱངས་	NOUN
ཀྱིས་	གིས་	PART
བརྗོད་པ་	བརྗོད་པ་	VERB
འི་	གི་	PART
མཐ་	མཐའ་	NOUN
ར་	ལ་	PART
།		PUNCT
ཀྱེ་	ཀྱེ་	INTJ
ཁྱེད་	ཁྱེད་	PRON
ཀྱི་	གི་	PART
ད་ལྟ་	ད་ལྟ་	OTHER
འི་	གི་	PART
རིག་པ་	རིག་པ་	VERB
འདི་	འདི་	DET
ལ་	ལ་	PART
བཅས་བཅོས་	བཅས་བཅོས་	NOUN
དང་	དང་	NO_POS
སྤྲོ་	སྤྲོ་	NO_POS
བསྡུ་	བསྡུ་	VERB
མ་	མ་	PART
བྱེད་པ་	བྱེད་པ་	VERB
ར་	ལ་	PART
ཐད་ཀ་	ཐད་ཀ་	NOUN
ར་	ལ་	PART
ཞོག་	ཞོག་	VERB
དང་	དང་	NO_POS
།		PUNCT
དེ་	སྟེ་	PART
ལ་	ལ་	PART
ཡོད་མེད་	ཡོད་མེད་	ADJ
དང་	དང་	NO_POS
ཕྱོགས་ཆ་	ཕྱོགས་ཆ་	NO_POS
མ་	མ་	PART
གྲུབ་	གྲུབ་	VERB
།		PUNCT
སྣང་སྟོང་	སྣང་སྟོང་	NO_POS
གི་	གི་	PART
སྤུ་རིས་	སྤུ་རིས་	NO_POS
མི་	མི་	PART
བྱེད་	བྱེད་	VERB
།		PUNCT
རྟག་ཆད་	རྟག་ཆད་	NOUN
ཀྱི་	གི་	PART
མཚན་མ་	མཚན་མ་	NOUN
མ་	མ་	PART
གྲུབ་	གྲུབ་	VERB
།		PUNCT
མ་གྲུབ་པ་	མ་གྲུབ་པ་	NO_POS
འདི་	འདི་	DET
ཀ་	ཀ་	DET
འི་	གི་	PART
ངང་	ངང་	NOUN
ལ་	ལ་	PART
ལྟ་	ལྟ་	NOUN
སྒོམ་	སྒོམ་	VERB
གྱི་	གི་	PART
རྩོལ་བ་	རྩོལ་བ་	VERB
ས་	གིས་	PART
འབད་	འབད་	VERB
མི་	མི་	PART
དགོས་	དགོས་	VERB
ཤིང་	ཅིང་	PART
བསྡམས་པ་	བསྡམས་པ་	NO_POS
ས་	གིས་	PART
དཀྲོལ་བ་	དཀྲོལ་བ་	NON_WORD
ལྟ་བུ་	ལྟ་བུ་	NOUN
མ་ཡིན་པ་	མ་ཡིན་པ་	OTHER
ར་	ལ་	PART
ཡེ་གྲོལ་	ཡེ་གྲོལ་	NO_POS
ཆེན་པོ་	ཆེན་པོ་	ADJ
བློ་	བློ་	NOUN
ས་	གིས་	PART
མ་བཅོས་པ་	མ་བཅོས་པ་	NO_POS
ས་	གིས་	PART
རང་	རང་	PRON
གསལ་	གསལ་	VERB
།		PUNCT
རྣམ་རྟོག་	རྣམ་རྟོག་	NOUN
གིས་	གིས་	PART
མ་	མ་	PART
བཟོས་པ་	བཟོས་པ་	VERB
འི་	གི་	PART
ཡེ་ཤེས་	ཡེ་ཤེས་	NOUN
།		PUNCT
ལྟ་	ལྟ་	NOUN
བསྒོམ་	བསྒོམ་	VERB
གྱིས་	གིས་	PART
མ་	མ་	PART
བསླད་པ་	བསླད་པ་	VERB
འི་	གི་	PART
ཆོས་ཉིད་	ཆོས་ཉིད་	NOUN
།		PUNCT
འཇོག་	འཇོག་	VERB
ཏུ་	ལ་	PART
མེད་པ་	མེད་པ་	VERB
འི་	གི་	PART
མཉམ་བཞག་	མཉམ་བཞག་	NOUN
།		PUNCT
རྩི་	རྩི་	NOUN
གདབ་	གདབ་	NO_POS
མེད་པ་	མེད་པ་	VERB
འི་	གི་	PART
རྗེས་ཐོབ་	རྗེས་ཐོབ་	NOUN
།		PUNCT
གསལ་བ་	གསལ་བ་	VERB
ལ་	ལ་	PART
དངོས་པོ་	དངོས་པོ་	NOUN
མེད་པ་	མེད་པ་	VERB
།		PUNCT
ཡངས་པ་	ཡངས་པ་	ADJ
ལ་	ལ་	PART
ཕྱལ་	ཕྱལ་	NO_POS
བར་མ་	བར་མ་	ADJ
ཤོ་	ཤོ་	NOUN
ར་	ལ་	PART
།		PUNCT
ཡེ་	ཡེ་	ADV
བབ་	བབ་	VERB
རང་གནས་	རང་གནས་	NOUN
ཀྱི་	གི་	PART
དགོངས་པ་	དགོངས་པ་	VERB
འདི་	འདི་	DET
ལྟ་བུ་	ལྟ་བུ་	NOUN
སེམས་ཅན་	སེམས་ཅན་	NOUN
ཐམས་ཅད་	ཐམས་ཅད་	DET
དང་	དང་	NO_POS
སྐད་ཅིག་	སྐད་ཅིག་	OTHER
ཀྱང་	ཀྱང་	PART
འབྲལ་	འབྲལ་	NO_POS
མ་	མ་	PART
མྱོང་བ་	མྱོང་བ་	VERB
ར་	ལ་	PART
ཡོད་	ཡོད་	VERB
ཀྱང་	ཀྱང་	PART
།		PUNCT
དེ་	སྟེ་	PART
ངོ་མ་	ངོ་མ་	OTHER
ཤེས་པ་	ཤེས་པ་	VERB
ས་	གིས་	PART
ཆུ་	ཆུ་	NOUN
རང་གྲོལ་	རང་གྲོལ་	NOUN
དུ་ཡོད་པ་	དུ་ཡོད་པ་	NO_POS
འཁྱགས་པ་	འཁྱགས་པ་	NO_POS
ས་	གིས་	PART
བསྡམས་པ་	བསྡམས་པ་	NO_POS
ལྟ་	ལྟ་	OTHER
།		PUNCT
ནང་	ནང་	NOUN
འཛིན་པ་	འཛིན་པ་	VERB
འི་	གི་	PART
སེམས་	སེམས་	NOUN
ཀྱིས་	གིས་	PART
རྒྱུ་	རྒྱུ་	NOUN
བྱ་	བྱ་	VERB
།		PUNCT
ཕྱི་	ཕྱི་	NOUN
གཟུང་བ་	གཟུང་བ་	VERB
འི་	གི་	PART
ཡུལ་	ཡུལ་	NOUN
གྱིས་	གིས་	PART
རྐྱེན་	རྐྱེན་	NOUN
བྱ་	བྱ་	VERB
།		PUNCT
འཁོར་བ་	འཁོར་བ་	NOUN
མཐའ་མེད་	མཐའ་མེད་	NO_POS
དུ་	ལ་	PART
འཁྱམས་པ་	འཁྱམས་པ་	VERB
ཡིན་	ཡིན་	NO_POS
ཏེ་	སྟེ་	PART
།		PUNCT
དེ་	སྟེ་	PART
ནི་	ནི་	NO_POS
བླ་མ་	བླ་མ་	NOUN
འི་	གི་	PART
གདམས་ངག་	གདམས་ངག་	NOUN
གིས་	གིས་	PART
རིག་པ་	རིག་པ་	VERB
སྐད་ཅིག་མ་	སྐད་ཅིག་མ་	ADJ
འི་	གི་	PART
མཚང་	མཚང་	NOUN
རིག་པ་	རིག་པ་	VERB
ཙམ་	ཙམ་	DET
ན་	ནས་	PART
ཡིན་ལུགས་	ཡིན་ལུགས་	AUX
ཀྱི་	གི་	PART
ཐོག་	ཐོག་	NOUN
ཏུ་	ལ་	PART
བཟོ་	བཟོ་	NO_POS
མི་	མི་	PART
འཆོས་	འཆོས་	VERB
ཤིང་	ཅིང་	PART
།		PUNCT
འདི་	འདི་	DET
ལ་	ལ་	ADP
ས་	གིས་	PART
གང་	གང་	NO_POS
དུའང་		NON_WORD
མ་	མ་	PART
ཡེངས་	ཡེངས་	NO_POS
གང་	གང་	NO_POS
དུའང་		NON_WORD
མི་	མི་	PART
བསྒོམ་པ་	བསྒོམ་པ་	VERB
ར་	ལ་	PART
འཇོག་པ་	འཇོག་པ་	VERB
ནི་	ནི་	NO_POS
།		PUNCT
གདོད་མ་	གདོད་མ་	OTHER
འི་	གི་	PART
སངས་རྒྱས་	སངས་རྒྱས་	NOUN
ཀུན་	ཀུན་	DET
ཏུ་	ལ་	PART
བཟང་པོ་	བཟང་པོ་	ADJ
འི་	གི་	PART
དགོངས་པ་	དགོངས་པ་	VERB
འི་	གི་	PART
མཐིལ་	མཐིལ་	NOUN
ལྷག་	ལྷག་	NOUN
གེར་	གེར་	NO_POS
བསྟན་པ་	བསྟན་པ་	VERB
ཡིན་	ཡིན་	NO_POS
།		PUNCT
ཞེ་	ཅེས་	PART
དང་	དང་	NO_POS
།		PUNCT
རིག་པ་	རིག་པ་	VERB
རྒྱ་ཡན་	རྒྱ་ཡན་	NO_POS
མ་	མ་	PART
བཅོ་	བཅོ་	NUM
ས་	གིས་	PART
མི་	མི་	PART
འཆོས་	འཆོས་	VERB
།		PUNCT
མི་	མི་	PART
བསྒོམ་	བསྒོམ་	VERB
མི་	མི་	PART
ཡེངས་	ཡེངས་	NO_POS
།		PUNCT
མ་	མ་	PART
འཁྲུལ་	འཁྲུལ་	NO_POS
།		PUNCT
བསམ་ཡས་	བསམ་ཡས་	PROPN
།		PUNCT
དེ་	སྟེ་	PART
ལ་	ལ་	PART
ལྟ་	ལྟ་	NOUN
བསྒོམ་	བསྒོམ་	VERB
གྱིས་	གིས་	PART
གཟེངས་	གཟེངས་	VERB
མི་	མི་	PART
བསྟོད་པ་	བསྟོད་པ་	VERB
།		PUNCT
རྟོག་དཔྱོད་	རྟོག་དཔྱོད་	NO_POS
ཀྱིས་	གིས་	PART
ཞབས་ཏོག་	ཞབས་ཏོག་	NOUN
མ་	མ་	PART
བྱས་པ་	བྱས་པ་	VERB
།		PUNCT
འོག་འགྱུ་	འོག་འགྱུ་	NO_POS
ས་	གིས་	PART
དབུ་འཕང་	དབུ་འཕང་	NOUN
མ་སྨད་པ་	མ་སྨད་པ་	NOUN
།		PUNCT
ཟང་ཐལ་	ཟང་ཐལ་	OTHER
དུ་	ལ་	PART
ལྷག་	ལྷག་	NOUN
གེ་	གེ་	NO_POS
།		PUNCT
སྟོང་ཉིད་	སྟོང་ཉིད་	NOUN
དུ་	ལ་	PART
རྗེན་	རྗེན་	NO_POS
ནེ་	ནེ་	NO_POS
།		PUNCT
ཀ་དག་	ཀ་དག་	OTHER
ཏུ་	ལ་	PART
ལྷོད་	ལྷོད་	NO_POS
དེ་བ་	དེ་བ་	OTHER
ལ་	ལ་	PART
ལྟ་བ་	ལྟ་བ་	VERB
ས་	གིས་	PART
བླ་དྭགས་	བླ་དྭགས་	NO_POS
སུ་	ལ་	PART
བཏགས་པ་	བཏགས་པ་	VERB
ཙམ་	ཙམ་	DET
ལ་	ལ་	ADP
ས་	གིས་	PART
།		PUNCT
ཞེ་	ཅེས་	PART
དང་	དང་	NO_POS
།		PUNCT
གཤིས་	གཤིས་	OTHER
མ་བཅོས་པ་	མ་བཅོས་པ་	NO_POS
འི་	གི་	PART
གནས་ལུགས་	གནས་ལུགས་	VERB
ཅ་	ཅ་	OTHER
ར་	ལ་	PART
ཕོག་	ཕོག་	VERB
ཏུ་	ལ་	PART
ངོས་ཟིན་	ངོས་ཟིན་	NO_POS
ན་	ལ་	PART
།		PUNCT
རང་	རང་	PRON
ངོ་	གོ་	PART
ཀ་དག་	ཀ་དག་	OTHER
ཆེན་པོ་	ཆེན་པོ་	ADJ
ལ་	ལ་	PART
གཟུང་འཛིན་	གཟུང་འཛིན་	NOUN
གྱི་	གི་	PART
ཞེན་པ་	ཞེན་པ་	VERB
ས་	གིས་	PART
འཆིང་	འཆིང་	NO_POS
མི་	མི་	PART
ནུས་	ནུས་	VERB
ཤིང་	ཅིང་	PART
།		PUNCT
དེ་ཡང་	དེ་ཡང་	ADV
ཡེངས་	ཡེངས་	NO_POS
ཡུལ་ཆོས་	ཡུལ་ཆོས་	NOUN
ཉིད་	ཉིད་	DET
དུ་	ལ་	PART
སོང་བ་	སོང་བ་	VERB
ས་	གིས་	PART
འཁྲུལ་	འཁྲུལ་	NO_POS
མ་	མ་	PART
འཁྲུལ་	འཁྲུལ་	NO_POS
དང་	དང་	NO_POS
ཡིན་	ཡིན་	NO_POS
མ་	མ་	PART
ཡིན་	ཡིན་	NO_POS
གྱི་	གི་	PART
ཐ་སྙད་	ཐ་སྙད་	NOUN
གང་	གང་	NO_POS
གིས་	གིས་	PART
ཀྱང་	ཀྱང་	PART
མི་	མི་	PART
ཐུག་པ་	ཐུག་པ་	VERB
འི་	གི་	PART
ནམ་མཁའ་	ནམ་མཁའ་	NOUN
ལྟ་བུ་	ལྟ་བུ་	NOUN
ཡིན་པ་	ཡིན་པ་	AUX
ས་	གིས་	PART
སྟོང་པ་	སྟོང་པ་	VERB
ར་	ལ་	PART
མ་	མ་	PART
བསྒོམ་	བསྒོམ་	VERB
།		PUNCT
གསལ་བ་	གསལ་བ་	VERB
ར་	ལ་	PART
མ་	མ་	PART
འཛིན་	འཛིན་	VERB
།		PUNCT
གཉིས་	གཉིས་	NUM
མེད་	མེད་	VERB
དུ་	ལ་	PART
སྟངས་	སྟངས་	NO_POS
མི་	མི་	PART
དཔྱོད་	དཔྱོད་	VERB
།		PUNCT
གྲོལ་	གྲོལ་	VERB
ཏུ་	ལ་	PART
མི་	མི་	PART
རེ་	རེ་	DET
།		PUNCT
འཁྲུལ་	འཁྲུལ་	NO_POS
དུ་	ལ་	PART
མི་	མི་	PART
དོགས་	དོགས་	NO_POS
།		PUNCT
རྩོལ་བ་	རྩོལ་བ་	VERB
ས་	གིས་	PART
མི་	མི་	PART
སྒྲུབ་	སྒྲུབ་	VERB
།		PUNCT
རང་བཞིན་	རང་བཞིན་	NOUN
ཡོངས་ཤེས་	ཡོངས་ཤེས་	NO_POS
ཀྱི་	གི་	PART
རིག་པ་	རིག་པ་	VERB
དམིགས་	དམིགས་	VERB
གཏད་	གཏད་	VERB
བྲལ་བ་	བྲལ་བ་	VERB
འི་	གི་	PART
ཟང་མ་	ཟང་མ་	NO_POS
ཐལ་	ཐལ་	VERB
དུ་	ལ་	PART
འདུག་པ་	འདུག་པ་	VERB
ལ་	ལ་	PART
།		PUNCT
བསྒོམ་	བསྒོམ་	VERB
བྱ་	བྱ་	VERB
སྒོམ་	སྒོམ་	VERB
བྱེད་	བྱེད་	VERB
ཀྱིས་	གིས་	PART
བསླད་པ་	བསླད་པ་	VERB
མི་	མི་	PART
གཞུག་	གཞུག་	VERB
།		PUNCT
ཅེས་	ཅེས་	PART
དང་	དང་	NO_POS
།		PUNCT
བསྒོམ་	བསྒོམ་	VERB
མེད་	མེད་	VERB
ནི་	ནི་	NO_POS
གནས་ལུགས་	གནས་ལུགས་	VERB
ཀྱི་	གི་	PART
ལྷུམས་	ལྷུམས་	NOUN
སུ་	ལ་	PART
ཞུགས་	ཞུགས་	VERB
ན་	ནས་	PART
བསྒོམ་	བསྒོམ་	VERB
མི་	མི་	PART
བསྒོམ་	བསྒོམ་	VERB
གྱི་	གི་	PART
ཞེན་པ་	ཞེན་པ་	VERB
དག་	དག་	DET
སྟེ་	སྟེ་	PART
།		PUNCT
སེམས་	སེམས་	NOUN
ལ་	ལ་	PART
བཟོ་བཅོས་	བཟོ་བཅོས་	NO_POS
དང་	དང་	NO_POS
དམིགས་	དམིགས་	VERB
གཏད་	གཏད་	VERB
གང་ཡང་	གང་ཡང་	NO_POS
མེད་པ་	མེད་པ་	VERB
ར་	ལ་	PART
ཁྱབ་བརྡལ་	ཁྱབ་བརྡལ་	OTHER
གྱི་	གི་	PART
དྲན་པ་	དྲན་པ་	VERB
འི་	གི་	PART
མཁའ་	མཁའ་	NOUN
ཚུགས་པ་	ཚུགས་པ་	VERB
ལ་	ལ་	PART
ཟེ་	ཟེ་	VERB
གྱིས་	གིས་	PART
བློ་	བློ་	NOUN
ས་	གིས་	PART
བཏང་བ་	བཏང་བ་	VERB
ས་	གིས་	PART
བཏང་སྙོམས་	བཏང་སྙོམས་	NOUN
ཐ་མལ་	ཐ་མལ་	ADJ
དུ་	ལ་	PART
སྡོད་པ་	སྡོད་པ་	VERB
འམ་	གམ་	PART
།		PUNCT
ཅི་	ཅི་	NO_POS
ཡིན་	ཡིན་	NO_POS
འདི་	འདི་	DET
ཡིན་	ཡིན་	NO_POS
མེད་པ་	མེད་པ་	VERB
འི་	གི་	PART
ངང་	ངང་	NOUN
དུ་	ལ་	PART
ལུང་	ལུང་	NOUN
མ་	མ་	PART
བསྟན་	བསྟན་	VERB
ཏུ་	ལ་	PART
རྒྱ་འབྱམས་	རྒྱ་འབྱམས་	NO_POS
ན་	ལ་	PART
ནོར་	ནོར་	NOUN
།		PUNCT
ཞེ་	ཅེས་	PART
དང་	དང་	NO_POS
།		PUNCT
གང་	གང་	NO_POS
དུའང་		NON_WORD
མི་	མི་	PART
རྟོག་པ་	རྟོག་པ་	VERB
འི་	གི་	PART
མཉམ་བཞག་	མཉམ་བཞག་	NOUN
ལྷོད་ལྷོད་	ལྷོད་ལྷོད་	NO_POS
འབོལ་	འབོལ་	VERB
འབོལ་	འབོལ་	VERB
འདི་	འདི་	DET
སྐྱེ་	སྐྱེ་	NOUN
དུས་	དུས་	NOUN
བདེ་	བདེ་	VERB
ཉམས་	ཉམས་	NOUN
ཁོ་ན་	ཁོ་ན་	DET
ཤ་	ཤ་	DET
ཆེ་བ་	ཆེ་བ་	VERB
ས་	གིས་	PART
།		PUNCT
ང་	ང་	PRON
འི་	གི་	PART
སྒོམ་	སྒོམ་	VERB
འདི་	འདི་	DET
ཀ་	ཀ་	DET
ཡིན་	ཡིན་	NO_POS
།		PUNCT
འདི་	འདི་	DET
ལ་	ལ་	ADP
ས་	གིས་	PART
ལྷག་པ་	ལྷག་པ་	VERB
སུ་	སུ་	ADP
ས་	གིས་	PART
ཀྱང་	ཀྱང་	PART
མི་	མི་	PART
ཤེ་	ཤེ་	VERB
།		PUNCT
ང་	ང་	OTHER
འདི་	འདི་	DET
ལྟ་བུ་	ལྟ་བུ་	NOUN
རྟོགས་	རྟོགས་	VERB
སོ་	གོ་	PART
སྙམ་པ་	སྙམ་པ་	VERB
འི་	གི་	PART
རང་མཐོང་	རང་མཐོང་	NOUN
ཀྱང་	ཀྱང་	PART
སྐྱེ་བ་	སྐྱེ་བ་	VERB
ཡོད་པ་	ཡོད་པ་	VERB
ས་	གིས་	PART
འདི་	འདི་	DET
འི་	གི་	PART
ཚེ་	ཚེ་	NOUN
བླ་མ་	བླ་མ་	NOUN
མཚན་ལྡན་	མཚན་ལྡན་	ADJ
གྱིས་	གིས་	PART
མ་ཟིན་	མ་ཟིན་	NO_POS
ན་	ལ་	PART
།		PUNCT
ཇི་སྐད་	ཇི་སྐད་	NO_POS
དུ་	ལ་	PART
།		PUNCT
རྫོགས་ཆེན་	རྫོགས་ཆེན་	NOUN
ལ་	ལ་	ADP
ས་	གིས་	PART
།		PUNCT
གོ་བ་	གོ་བ་	VERB
ལྷན་པ་	ལྷན་པ་	NOUN
འདྲ་	འདྲ་	VERB
སྟེ་	སྟེ་	PART
གོག་	གོག་	VERB
ན་	ནས་	PART
འགྲོ་	འགྲོ་	VERB
།		PUNCT
ཞེ་	ཅེས་	PART
བཤད་པ་	བཤད་པ་	VERB
ལྟ་	ལྟ་	OTHER
རྐྱེན་	རྐྱེན་	NOUN
བཟང་ངན་	བཟང་ངན་	ADJ
དང་	དང་	NO_POS
འཕྲད་	འཕྲད་	VERB
ཚེ་ཆུ་	ཚེ་ཆུ་	NO_POS
དང་	དང་	NO_POS
འོ་མ་	འོ་མ་	NOUN
སོ་སོ་	སོ་སོ་	PRON
ར་	ལ་	PART
ཕྱེ་བ་	ཕྱེ་བ་	VERB
མང་	མང་	VERB
།		PUNCT
ཞེ་	ཅེས་	PART
དང་	དང་	NO_POS
།		PUNCT
སྙིང་	སྙིང་	NOUN
ན་	ནས་	PART
དམ་ཆོས་	དམ་ཆོས་	NOUN
བྱེད་པ་	བྱེད་པ་	VERB
དག་	དག་	DET
འདི་	འདི་	DET
འི་	གི་	PART
ཚེ་	ཚེ་	NOUN
མཚན་མ་	མཚན་མ་	NOUN
ཅན་	ཅན་	PART
གྱི་	གི་	PART
ལྟ་བ་	ལྟ་བ་	VERB
ཐོམ་	ཐོམ་	NO_POS
ཡོ་	ཡོ་	OTHER
རེ་བ་	རེ་བ་	VERB
དེ་	སྟེ་	PART
ལ་	ལ་	PART
བསྒོམ་	བསྒོམ་	VERB
གོ་མི་	གོ་མི་	PART
བཅད་པ་	བཅད་པ་	VERB
ར་	ལ་	PART
ཐུན་	ཐུན་	NOUN
བཞི་	བཞི་	NUM
ར་	ལ་	PART
བླ་མ་	བླ་མ་	NOUN
འི་	གི་	PART
རྣལ་འབྱོར་	རྣལ་འབྱོར་	NOUN
ལ་	ལ་	PART
རྩལ་འདོན་	རྩལ་འདོན་	NO_POS
ཅིང་	ཅིང་	PART
དབང་	དབང་	NOUN
བཞི་	བཞི་	NUM
བླངས་	བླངས་	VERB
རྗེས་	རྗེས་	NOUN
ཐུགས་	ཐུགས་	NOUN
ཡིད་	ཡིད་	NOUN
བསྲེས་པ་	བསྲེས་པ་	VERB
འི་	གི་	PART
ངང་	ངང་	NOUN
ལ་	ལ་	PART
རིག་པ་	རིག་པ་	VERB
ཁ་	ཁ་	PRON
ཡན་	ཡན་	ADV
དུ་	ལ་	PART
གློད་	གློད་	NO_POS
ལ་	ལ་	PART
ཉམས་	ཉམས་	NOUN
དེ་	དེ་	DET
འི་	གི་	PART
ངོ་བོ་	ངོ་བོ་	NOUN
གཏད་མེད་	གཏད་མེད་	NO_POS
ཁུངས་མེད་	ཁུངས་མེད་	NO_POS
དུ་མ་	དུ་མ་	ADJ
སོང་བ་	སོང་བ་	VERB
ར་	ལ་	PART
སྙིང་	སྙིང་	NOUN
ལ་	ལ་	PART
རྡོ་	རྡོ་	NOUN
རུས་	རུས་	NOUN
གཏུག་	གཏུག་	VERB
གོ་	གོ་	PART
།		PUNCT
ཅེས་	ཅེས་	PART
དང་	དང་	NO_POS
།		PUNCT
ཁང་པ་	ཁང་པ་	NOUN
སྟོང་པ་	སྟོང་པ་	VERB
འི་	གི་	PART
ནང་	ནང་	NOUN
དུ་	ལ་	PART
རྐུན་པོ་	རྐུན་པོ་	NOUN
ཞུགས་	ཞུགས་	VERB
ཀྱང་	ཀྱང་	PART
ཆོམ་རྐུན་	ཆོམ་རྐུན་	NOUN
ལ་	ལ་	PART
ཐོབ་	ཐོབ་	VERB
རྒྱུ་	རྒྱུ་	NOUN
མེད་	མེད་	VERB
།		PUNCT
ཁང་	ཁང་	NOUN
སྟོང་	སྟོང་	NUM
ལ་	ལ་	PART
ཤོ་	ཤོ་	NOUN
ར་	ལ་	PART
རྒྱུ་	རྒྱུ་	NOUN
མེད་པ་	མེད་པ་	VERB
ས་	གིས་	PART
ཕན་གནོད་	ཕན་གནོད་	NOUN
ཐོབ་ཤོར་	ཐོབ་ཤོར་	NO_POS
གྱི་	གི་	PART
རང་བཞིན་	རང་བཞིན་	NOUN
ལ་	ལ་	ADP
ས་	གིས་	PART
ཡེ་ནས་	ཡེ་ནས་	NO_POS
འདས་པ་	འདས་པ་	VERB
ལྟ་	ལྟ་	OTHER
།		PUNCT
འདི་	འདི་	DET
ར་	ལ་	PART
རིག་པ་	རིག་པ་	VERB
འི་	གི་	PART
ངོ་བོ་	ངོ་བོ་	NOUN
ཟང་ཐལ་	ཟང་ཐལ་	OTHER
རྟོག་དཔྱོད་	རྟོག་དཔྱོད་	NO_POS
ཀྱི་	གི་	PART
ཤེས་སྒྲིབ་	ཤེས་སྒྲིབ་	NO_POS
དང་	དང་	NO_POS
བྲལ་པ་	བྲལ་པ་	VERB
འི་	གི་	PART
ཚུགས་	ཚུགས་	VERB
མ་	མ་	PART
ཤོར་བ་	ཤོར་བ་	VERB
དེ་ཉིད་	དེ་ཉིད་	NOUN
བསྒོམ་	བསྒོམ་	VERB
གྱི་	གི་	PART
སྙིང་	སྙིང་	NOUN
རྡོ་	རྡོ་	NOUN
གཉུག་	གཉུག་	NO_POS
མ་	མ་	PART
འི་	གི་	PART
དྲན་	དྲན་	VERB
རིག་	རིག་	VERB
ཡིན་	ཡིན་	NO_POS
ལ་	ལ་	PART
།		PUNCT
རྩལ་	རྩལ་	NOUN
གྱི་	གི་	PART
རྣམ་རྟོག་	རྣམ་རྟོག་	NOUN
ཇི་ལྟ་		
གཡོ་	གཡོ་	VERB
ཡང་	ཀྱང་	PART
དཔྱོད་	དཔྱོད་	VERB
བྱེད་	བྱེད་	VERB
ཀྱི་	གི་	PART
འདུ་ཤེས་	འདུ་ཤེས་	NOUN
དག་པ་	དག་པ་	VERB
ས་	གིས་	PART
ཤ་	ཤ་	VERB
མཁན་	མཁན་	PROPN
མེད་པ་	མེད་པ་	VERB
འི་	གི་	PART
རིག་	རིག་	VERB
སྟོང་	སྟོང་	NUM
རྗེན་པ་	རྗེན་པ་	NO_POS
བློ་འདས་	བློ་འདས་	NO_POS
རྒྱ་ཡན་	རྒྱ་ཡན་	NO_POS
གྱི་	གི་	PART
ངང་	ངང་	NOUN
དུ་	ལ་	PART
ཆོས་སྐུ་	ཆོས་སྐུ་	NOUN
འཕོ་	འཕོ་	VERB
མེད་	མེད་	VERB
རྒྱལ་པོ་	རྒྱལ་པོ་	NOUN
འི་	གི་	PART
བཙན་ས་	བཙན་ས་	VERB
ཟིན་པ་	ཟིན་པ་	VERB
འི་	གི་	PART
ཕྱི་	ཕྱི་	OTHER
རྣམ་རྟོག་	རྣམ་རྟོག་	NOUN
གིས་	གིས་	PART
ཕན་གནོད་	ཕན་གནོད་	NOUN
མ་	མ་	PART
བྱས་པ་	བྱས་པ་	VERB
འི་	གི་	PART
སྒྲ་བཤད་	སྒྲ་བཤད་	NO_POS
བཞག་	བཞག་	VERB
ལ་	ལ་	PART
།		PUNCT
འདི་	འདི་	DET
ཤིན་ཏུ་	ཤིན་ཏུ་	NO_POS
རྣམ་དག་	རྣམ་དག་	ADJ
བཤད་	བཤད་	VERB
དུ་	ལ་	PART
འཕངས་པ་	འཕངས་པ་	VERB
འི་	གི་	PART
ཨུ་པ་	ཨུ་པ་	NO_POS
དེ་	སྟེ་	PART
ཤ་	ཤ་	NOUN
སྟེ་	སྟེ་	PART
།		PUNCT
ཞེ་	ཅེས་	PART
དང་	དང་	NO_POS
།		PUNCT
པད་	པད་	NO_POS
འབྱུང་	འབྱུང་	VERB
ཐུགས་	ཐུགས་	NOUN
སྤྲུལ་	སྤྲུལ་	VERB
བདག་	བདག་	PRON
གི་	གི་	PART
བླ་མ་	བླ་མ་	NOUN
ཆོ་	ཆོ་	NOUN
ཀྱི་	གི་	PART
རྒྱལ་པོ་	རྒྱལ་པོ་	NOUN
འི་	གི་	PART
ཞལ་	ཞལ་	NOUN
གྱི་	གི་	PART
བུམ་	བུམ་	NOUN
བཟང་	བཟང་	VERB
ལ་	ལ་	ADP
ས་	གིས་	PART
།		PUNCT
སེམས་	སེམས་	NOUN
གང་	གང་	NO_POS
དུའང་		NON_WORD
མི་	མི་	PART
རྟོག་པ་	རྟོག་པ་	VERB
འི་	གི་	PART
མཉམ་བཞག་	མཉམ་བཞག་	NOUN
ལྷོད་ལྷོད་	ལྷོད་ལྷོད་	NO_POS
འབོལ་	འབོལ་	VERB
འབོལ་པོ་	འབོལ་པོ་	NO_POS
དང་	དང་	NO_POS
།		PUNCT
རང་བྱུང་	རང་བྱུང་	NOUN
རིག་པ་	རིག་པ་	VERB
འི་	གི་	PART
ཡེ་ཤེས་	ཡེ་ཤེས་	NOUN
གཉིས་	གཉིས་	NUM
ནམ་ལངས་	ནམ་ལངས་	ADV
ཀྱང་	ཀྱང་	PART
ཉི་མ་	ཉི་མ་	NOUN
ཤར་མ་	ཤར་མ་	OTHER
ཤ་	ཤ་	VERB
དང་	དང་	NO_POS
འདྲ་བ་	འདྲ་བ་	VERB
འི་	གི་	PART
ཁྱད་པར་	ཁྱད་པར་	NOUN
ཤིན་ཏུ་	ཤིན་ཏུ་	NO_POS
ཆེ་	ཆེ་	VERB
།		PUNCT
བླ་མ་	བླ་མ་	NOUN
ས་	གིས་	PART
མན་ངག་	མན་ངག་	NOUN
དུ་མ་	དུ་མ་	ADJ
འི་	གི་	PART
སྒོ་	སྒོ་	NOUN
ན་	ནས་	PART
རང་བྱུང་	རང་བྱུང་	NOUN
རིག་པ་	རིག་པ་	VERB
འི་	གི་	PART
ཡེ་ཤེས་	ཡེ་ཤེས་	NOUN
རྗེན་	རྗེན་	NO_POS
ལ་	ལ་	PART
ཕུད་	ཕུད་	NO_POS
ན་	ནས་	PART
ངོ་མ་	ངོ་མ་	OTHER
སྤྲད་པ་	སྤྲད་པ་	VERB
ར་	ལ་	PART
མི་	མི་	PART
རྟོག་པ་	རྟོག་པ་	VERB
ཐམས་ཅད་	ཐམས་ཅད་	DET
བསྒོམ་	བསྒོམ་	VERB
གྱི་	གི་	PART
མཐར་ཐུག་	མཐར་ཐུག་	NOUN
ཏུ་	ལ་	PART
ངོ་	གོ་	PART
སྤྲད་	སྤྲད་	NO_POS
ན་	ནས་	PART
བསྒོམ་	བསྒོམ་	VERB
ན་	ལ་	PART
ཧྭ་ཤང་	ཧྭ་ཤང་	NOUN
དང་	དང་	NO_POS
མཚུངས་	མཚུངས་	VERB
ལ་	ལ་	PART
།		PUNCT
སླར་ཡང་	སླར་ཡང་	OTHER
འཁོར་བ་	འཁོར་བ་	NOUN
འི་	གི་	PART
རྒྱུ་	རྒྱུ་	NOUN
བསམ་བཞིན་	བསམ་བཞིན་	NO_POS
བསྒྲུབ་པ་	བསྒྲུབ་པ་	VERB
ཡིན་	ཡིན་	NO_POS
ནོ་	གོ་	PART
། །		PUNCT
རྗེ་	རྗེ་	NO_POS
བདག་ཉིད་	བདག་ཉིད་	NOUN
ཆེན་པོ་	ཆེན་པོ་	ADJ
ས་	གིས་	PART
ཀྱང་	ཀྱང་	PART
འདི་	འདི་	DET
ལ་	ལ་	PART
ལམ་རིམ་	ལམ་རིམ་	NOUN
ཞི་ལྷག་	ཞི་ལྷག་	NO_POS
སྐབས་	སྐབས་	NOUN
ན་	ནས་	PART
དགག་པ་	དགག་པ་	VERB
མང་	མང་	VERB
དུ་	ལ་	PART
མཛད་པ་	མཛད་པ་	VERB
ཡིན་	ཡིན་	NO_POS
།		PUNCT
དེས་ན་	དེས་ན་	NO_POS
ཀུན་བཟང་	ཀུན་བཟང་	ADJ
མི་	མི་	PART
ཡི་	གི་	PART
ཟློས་གར་	ཟློས་གར་	NOUN
ཀུན་མཁྱེན་	ཀུན་མཁྱེན་	OTHER
ཀློང་ཆེན་	ཀློང་ཆེན་	PROPN
རབ་འབྱམས་པ་	རབ་འབྱམས་པ་	ADJ
འི་	གི་	PART
ལེགས་བཤད་	ལེགས་བཤད་	NOUN
ཆོས་དབྱིངས་	ཆོས་དབྱིངས་	NOUN
མཛོད་	མཛོད་	NOUN
སོགས་	སོགས་	DET
ན་	ནས་	PART
ངོ་སྤྲོད་	ངོ་སྤྲོད་	NOUN
མན་ངག་	མན་ངག་	NOUN
ཡོད་པ་	ཡོད་པ་	VERB
རྣམས་	རྣམས་	DET
ཀྱིས་	གིས་	PART
ཤན་	ཤན་	NOUN
ཕྱེ་	ཕྱེ་	VERB
ན་	ནས་	PART
ཟང་ཐལ་	ཟང་ཐལ་	OTHER
རྗེན་པ་	རྗེན་པ་	NO_POS
འི་	གི་	PART
ཡེ་ཤེས་	ཡེ་ཤེས་	NOUN
ངོས་བཟུང་	ངོས་བཟུང་	NOUN
ན་	ནས་	PART
ངང་	ངང་	NOUN
དུ་	ལ་	PART
གོམས་པ་	གོམས་པ་	VERB
ཤིན་ཏུ་	ཤིན་ཏུ་	NO_POS
གཅེ་	གཅེ་	VERB
།		PUNCT
ཞི་གནས་	ཞི་གནས་	NOUN
དང་	དང་	NO_POS
རིག་པ་	རིག་པ་	VERB
འི་	གི་	PART
ཡེ་ཤེས་	ཡེ་ཤེས་	NOUN
གཉིས་	གཉིས་	NUM
ཟང་ཐལ་	ཟང་ཐལ་	OTHER
མ་	མ་	PART
ཐལ་	ཐལ་	VERB
དང་	དང་	NO_POS
རིག་	རིག་	VERB
ཆ་	ཆ་	NOUN
དང་	དང་	NO_POS
གནས་ཆ་	གནས་ཆ་	NO_POS
འི་	གི་	PART
ཁྱད་	ཁྱད་	NOUN
ཡོད་པ་	ཡོད་པ་	VERB
ས་	གིས་	PART
འཛོལ་	འཛོལ་	NO_POS
ས་	ས་	ADP
མེད་	མེད་	VERB
།		PUNCT
རྫོགས་ཆེན་	རྫོགས་ཆེན་	NOUN
ཆོ་	ཆོ་	NOUN
འདི་	འདི་	DET
འི་	གི་	PART
དཀའ་གནད་	དཀའ་གནད་	NOUN
འདི་	འདི་	DET
ཁོ་བོ་	ཁོ་བོ་	PRON
ས་	གིས་	PART
ཀྱང་	ཀྱང་	PART
ཀློང་ཆེན་	ཀློང་ཆེན་	PROPN
ལེགས་བཤད་	ལེགས་བཤད་	NOUN
དྲིན་	དྲིན་	NOUN
ལ་	ལ་	ADP
ས་	གིས་	PART
ཤེ་	ཤེ་	VERB
གསུངས་	གསུངས་	VERB
།		PUNCT
རང་བྱུང་	རང་བྱུང་	NOUN
རིག་པ་	རིག་པ་	VERB
འི་	གི་	PART
ཡེ་ཤེས་	ཡེ་ཤེས་	NOUN
བླ་མ་	བླ་མ་	NOUN
འི་	གི་	PART
རང་	རང་	PRON
ལ་	ལ་	PART
ངོ་	གོ་	PART
སྤྲད་པ་	སྤྲད་པ་	VERB
འི་	གི་	PART
ཚེ་	ཚེ་	NOUN
།		PUNCT
རང་	རང་	PRON
གསལ་	གསལ་	VERB
རྒྱ་ཡན་	རྒྱ་ཡན་	NO_POS
ནམ་ལངས་པ་	ནམ་ལངས་པ་	ADV
དང་	དང་	NO_POS
འདྲ་	འདྲ་	VERB
ལ་	ལ་	PART
།		PUNCT
ངང་	ངང་	NOUN
དུ་	ལ་	PART
གནས་	གནས་	NOUN
ཚེ་	ཚེ་	NOUN
རི་རྩེ་	རི་རྩེ་	NOUN
མཐོན་པོ་	མཐོན་པོ་	ADJ
ར་	ལ་	PART
ཕྱིན་	ཕྱིན་	VERB
ན་	ནས་	PART
ཕྱོགས་	ཕྱོགས་	NOUN
ཀུན་	ཀུན་	DET
ཏུ་	ལ་	PART
བལྟས་་	བལྟས་པ་	VERB
དང་	དང་	NO_POS
འདྲ་	འདྲ་	VERB
འོ་	གོ་	PART
། །		PUNCT
དེ་	དེ་	DET
འི་	གི་	PART
ངང་	ངང་	NOUN
དུ་	ལ་	PART
གོམས་	གོམས་	VERB
ན་	ལ་	PART
སྤྱན་	སྤྱན་	NOUN
དང་	དང་	NO_POS
མངོན་ཤེས་	མངོན་ཤེས་	NOUN
སོགས་	སོགས་	DET
ལམ་	གམ་	PART
རྟགས་	རྟགས་	NOUN
ཀྱི་	གི་	PART
ཡོན་ཏན་	ཡོན་ཏན་	NOUN
མངོན་དུ་	མངོན་དུ་	NO_POS
འགྱུར་	འགྱུར་	VERB
ལ་	ལ་	PART
།		PUNCT
སེམས་	སེམས་	NOUN
དྭངས་	དྭངས་	NO_POS
ལ་	ལ་	PART
མི་	མི་	PART
རྟོག་པ་	རྟོག་པ་	VERB
ནི་	ནི་	NO_POS
དགུང་	དགུང་	NOUN
མོ་	གོ་	PART
དང་	དང་	NO_POS
འདྲ་	འདྲ་	VERB
ལ་	ལ་	PART
།		PUNCT
ངང་	ངང་	NOUN
དུ་	ལ་	PART
བཞག་	བཞག་	VERB
འཕྲོ་	འཕྲོ་	NOUN
བྱིང་རྨུགས་	བྱིང་རྨུགས་	NOUN
གཉིད་	གཉིད་	NOUN
གསུམ་	གསུམ་	NUM
སྨགས་		NON_WORD
རུམ་	རུམ་	NOUN
འཐིབས་པ་	འཐིབས་པ་	NO_POS
དང་	དང་	NO_POS
འདྲ་	འདྲ་	VERB
འོ་	གོ་	PART
། །		PUNCT
དེས་ན་	དེས་ན་	NO_POS
ཞི་གནས་	ཞི་གནས་	NOUN
ཙམ་	ཙམ་	DET
དང་	དང་	NO_POS
རིག་པ་	རིག་པ་	VERB
འི་	གི་	PART
ཡེ་ཤེས་	ཡེ་ཤེས་	NOUN
གཉིས་	གཉིས་	NUM
ཆུ་	ཆུ་	NOUN
དང་	དང་	NO_POS
འོ་མ་	འོ་མ་	NOUN
བཞིན་	བཞིན་	NOUN
བསྲེས་	བསྲེས་	NO_POS
ན་	ནས་	PART
མི་	མི་	PART
སྐྱོང་བ་	སྐྱོང་བ་	VERB
གལ་ཆེ་	གལ་ཆེ་	OTHER
གལ་ཆེ་	གལ་ཆེ་	OTHER
གསུངས་	གསུངས་	VERB
།		PUNCT
ཡང་	ཀྱང་	PART
རྫོགས་ཆེན་	རྫོགས་ཆེན་	NOUN
ལ་	ལ་	ADP
ས་	གིས་	PART
།		PUNCT
ཉམས་	ཉམས་	NOUN
ན་བུན་	ན་བུན་	NOUN
འདྲ་	འདྲ་	VERB
སྟེ་	སྟེ་	PART
ཡལ་	ཡལ་	NO_POS
ན་	ནས་	PART
འགྲོ་	འགྲོ་	VERB
།		PUNCT
རྟོགས་པ་	རྟོགས་པ་	VERB
ནམ་མཁའ་	ནམ་མཁའ་	NOUN
འདྲ་	འདྲ་	VERB
སྟེ་	སྟེ་	PART
འགྱུར་བ་	འགྱུར་བ་	VERB
མེད་	མེད་	VERB
།		PUNCT
ཅེས་	ཅེས་	PART
གསུངས་པ་	གསུངས་པ་	VERB
ལྟ་	ལྟ་	OTHER
།		PUNCT
རྐྱེན་	རྐྱེན་	NOUN
དང་	དང་	NO_POS
འཕྲད་	འཕྲད་	VERB
ཚེ་	ཚེ་	NOUN
སེམས་	སེམས་	NOUN
དྭངས་	དྭངས་	NO_POS
ལ་	ལ་	PART
མི་	མི་	PART
རྟོག་པ་	རྟོག་པ་	VERB
འི་	གི་	PART
ཉམས་	ཉམས་	NOUN
ཇི་ལྟ་		
བཟང་	བཟང་	VERB
ཡང་	ཀྱང་	PART
རླུང་	རླུང་	NOUN
དང་	དང་	NO_POS
འཕྲད་	འཕྲད་	VERB
ཚེ་	ཚེ་	NOUN
ན་བུན་	ན་བུན་	NOUN
ནམ་མཁའ་	ནམ་མཁའ་	NOUN
ལ་	ལ་	PART
ཡལ་བ་	ཡལ་བ་	VERB
བཞིན་	བཞིན་	NOUN
འགྲོ་བ་	འགྲོ་བ་	VERB
འི་	གི་	PART
རྐྱེན་	རྐྱེན་	NOUN
མི་	མི་	PART
ཐུབ་	ཐུབ་	VERB
།		PUNCT
ཟང་ཐལ་	ཟང་ཐལ་	OTHER
རྗེན་པ་	རྗེན་པ་	NO_POS
འི་	གི་	PART
ཡེ་ཤེས་	ཡེ་ཤེས་	NOUN
ངོས་ཟིན་	ངོས་ཟིན་	NO_POS
ན་	ནས་	PART
ངང་	ངང་	NOUN
དུ་	ལ་	PART
གོམས་	གོམས་	VERB
ན་	ལ་	PART
རྐྱེན་	རྐྱེན་	NOUN
དང་	དང་	NO_POS
འཕྲད་	འཕྲད་	VERB
ཀྱང་	ཀྱང་	PART
རྟོག་པ་	རྟོག་པ་	VERB
འགྱུར་བ་	འགྱུར་བ་	VERB
མེད་པ་	མེད་པ་	VERB
རླུང་	རླུང་	NOUN
ཇི་ལྟ་		
གཡོ་	གཡོ་	VERB
ཡང་	ཀྱང་	PART
ནམ་མཁའ་	ནམ་མཁའ་	NOUN
འགྱུར་བ་	འགྱུར་བ་	VERB
མེད་པ་	མེད་པ་	VERB
དང་	དང་	NO_POS
འདྲ་	འདྲ་	VERB
གསུངས་	གསུངས་	VERB
།		PUNCT
ལྟ་བ་	ལྟ་བ་	VERB
བསྒོམ་	བསྒོམ་	VERB
དུས་	དུས་	NOUN
ལུས་	ལུས་	NOUN
དྲང་པོ་	དྲང་པོ་	ADJ
ར་	ལ་	PART
བསྲང་	བསྲང་	NO_POS
།		PUNCT
རླུང་	རླུང་	NOUN
དལ་བ་		
བྱ་	བྱ་	VERB
།		PUNCT
མིག་	མིག་	NOUN
ཧ་	ཧ་	VERB
རེ་	རེ་	DET
བསྒྲད་	བསྒྲད་	NO_POS
ན་	ནས་	PART
ལ་	ལ་	ADP
ས་	གིས་	PART
དང་པོ་པ་	དང་པོ་པ་	ADJ
ས་	གིས་	PART
བསྒོམ་	བསྒོམ་	VERB
ན་	ལ་	PART
བྱིང་རྨུགས་	བྱིང་རྨུགས་	NOUN
གཉིད་	གཉིད་	NOUN
གསུམ་	གསུམ་	NUM
མི་	མི་	PART
འབྱུང་	འབྱུང་	VERB
།		PUNCT
བྱུང་	བྱུང་	VERB
ཡང་	ཀྱང་	PART
ངོ་	གོ་	PART
ཤེས་པ་	ཤེས་པ་	VERB
ར་	ལ་	PART
སླ་	སླ་	VERB
གསུངས་	གསུངས་	VERB
།		PUNCT
བྱིང་རྨུགས་	བྱིང་རྨུགས་	NOUN
གཉིད་	གཉིད་	NOUN
གསུམ་	གསུམ་	NUM
ཤིན་ཏུ་	ཤིན་ཏུ་	NO_POS
ཆེ་	ཆེ་	VERB
ན་	ལ་	PART
།		PUNCT
གོན་པ་	གོན་པ་	NON_WORD
སྲབ་པ་	སྲབ་པ་	VERB
ར་	ལ་	PART
བྱ་	བྱ་	VERB
རི་བོ་	རི་བོ་	NOUN
མཐོན་པོ་	མཐོན་པོ་	ADJ
འི་	གི་	PART
རྩེ་		
ཕྱིན་	ཕྱིན་	VERB
ལ་	ལ་	PART
ནམ་མཁའ་	ནམ་མཁའ་	NOUN
དང་	དང་	NO_POS
རིག་པ་	རིག་པ་	VERB
བསྲེ་	བསྲེ་	NO_POS
།		PUNCT
ནམ་མཁ་	ནམ་མཁའ་	NOUN
འི་	གི་	PART
ག་	ག་	NOUN
ཁྱབ་	ཁྱབ་	VERB
རིག་པ་	རིག་པ་	VERB
ས་	གིས་	PART
ཁྱབ་	ཁྱབ་	VERB
། །		PUNCT
རིག་པ་	རིག་པ་	VERB
འི་	གི་	PART
ག་	ག་	NOUN
ཁྱབ་	ཁྱབ་	VERB
ཆོས་སྐུ་	ཆོས་སྐུ་	NOUN
ས་	གིས་	PART
ཁྱབ་པ་	ཁྱབ་པ་	VERB
ར་	ལ་	PART
མོ་	མོ་	VERB
ལ་	ལ་	PART
།		PUNCT
ཕྱོགས་	ཕྱོགས་	NOUN
གང་	གང་	NO_POS
བདེ་	བདེ་	VERB
བདེ་	བདེ་	VERB
ལ་	ལ་	PART
རིག་པ་	རིག་པ་	VERB
རྒྱ་	རྒྱ་	NOUN
བསྐྱེད་	བསྐྱེད་	VERB
དཔང་བསྟོད་	དཔང་བསྟོད་	NO_POS
ལ་	ལ་	PART
ཡངས་པ་	ཡངས་པ་	ADJ
ཁྲོལ་	ཁྲོལ་	VERB
ལེ་	ལེ་	NO_POS
ར་	ལ་	PART
བཞག་	བཞག་	VERB
།		PUNCT
མིག་	མིག་	NOUN
ཆེ་	ཆེ་	VERB
ར་	ལ་	PART
བགྲད་	བགྲད་	NO_POS
མཐོང་	མཐོང་	VERB
ཚད་	ཚད་	NOUN
ཀྱི་	གི་	PART
ཕྱོགས་མཚམས་	ཕྱོགས་མཚམས་	NOUN
ནམ་མཁའ་	ནམ་མཁའ་	NOUN
ཡངས་པ་	ཡངས་པ་	ADJ
ལ་	ལ་	PART
བལྟ་	བལྟ་	VERB
ཞིང་	ཅིང་	PART
།		PUNCT
ལུས་	ལུས་	NOUN
ཀྱི་	གི་	PART
ཤ་	ཤ་	NOUN
བསྒྲིམས་	བསྒྲིམས་	NO_POS
ལ་	ལ་	PART
ཡ་	ཡ་	OTHER
རྒྱུག་	རྒྱུག་	VERB
མ་	མ་	NOUN
རྒྱུག་	རྒྱུག་	VERB
ལྡིང་སྐོར་	ལྡིང་སྐོར་	NO_POS
བྱ་	བྱ་	VERB
།		PUNCT
ངག་	ངག་	NOUN
གིས་	གིས་	PART
ཕཊ྄་		NON_WORD
སྒྲ་	སྒྲ་	NOUN
ལྷང་ལྷང་	ལྷང་ལྷང་	ADJ
བརྗོད་	བརྗོད་	VERB
།		PUNCT
དེ་ལྟ་	དེ་ལྟ་	NO_POS
བྱ་	བྱ་	VERB
ན་	ལ་	PART
སྤྲིན་	སྤྲིན་	NOUN
དང་	དང་	NO_POS
ན་བུན་	ན་བུན་	NOUN
རླུང་	རླུང་	NOUN
གིས་	གིས་	PART
གཏོ་	གཏོ་	VERB
ན་	ནས་	PART
ནམ་མཁའ་	ནམ་མཁའ་	NOUN
སྔོ་	སྔོ་	VERB
རྗེན་	རྗེན་	NO_POS
གྱིས་	གིས་	PART
མཐོང་བ་	མཐོང་བ་	VERB
བཞིན་	བཞིན་	NOUN
བྱིང་རྨུགས་	བྱིང་རྨུགས་	NOUN
གཉིད་	གཉིད་	NOUN
གསུམ་	གསུམ་	NUM
གང་ཡང་	གང་ཡང་	NO_POS
གཏན་མེད་	གཏན་མེད་	NO_POS
དུ་	ལ་	PART
སངས་	སངས་	VERB
ན་	ནས་	PART
ཟང་ཐལ་	ཟང་ཐལ་	OTHER
རིག་པ་	རིག་པ་	VERB
རྗེན་	རྗེན་	NO_POS
ལ་	ལ་	PART
འབུད་	འབུད་	NO_POS
གསུངས་	གསུངས་	VERB
།		PUNCT
མཉམ་བཞག་	མཉམ་བཞག་	NOUN
ཉག་ཉོག་	ཉག་ཉོག་	NO_POS
ལྡབ་ལྡིབ་	ལྡབ་ལྡིབ་	NO_POS
ཅི་	ཅི་	NO_POS
ཡིན་	ཡིན་	NO_POS
འདི་	འདི་	DET
ཡིན་	ཡིན་	NO_POS
མེད་པ་	མེད་པ་	VERB
འི་	གི་	PART
ངང་	ངང་	NOUN
དུ་	ལ་	PART
ལོ་ཟླ་	ལོ་ཟླ་	OTHER
ར་	ལ་	PART
བཞག་པ་	བཞག་པ་	VERB
ལ་	ལ་	ADP
ས་	གིས་	PART
།		PUNCT
ཟང་ཐལ་	ཟང་ཐལ་	OTHER
རྗེན་པ་	རྗེན་པ་	NO_POS
འི་	གི་	PART
རིག་པ་	རིག་པ་	VERB
ངོས་ཟིན་	ངོས་ཟིན་	NO_POS
ན་	ནས་	PART
ངང་	ངང་	NOUN
དུ་	ལ་	PART
ཅུང་ཟད་	ཅུང་ཟད་	ADV
བཞག་པ་	བཞག་པ་	VERB
ཡོན་ཏན་	ཡོན་ཏན་	NOUN
ཆེ་	ཆེ་	VERB
།		PUNCT
ལུས་སེམས་	ལུས་སེམས་	NOUN
བདེ་	བདེ་	VERB
ཞིང་	ཅིང་	PART
དྭངས་	དྭངས་	NO_POS
ལ་	ལ་	PART
མི་	མི་	PART
རྟོག་པ་	རྟོག་པ་	VERB
ཙམ་	ཙམ་	DET
བྱུང་	བྱུང་	VERB
ན་	ལ་	PART
བསྒོམ་	བསྒོམ་	VERB
གྱི་	གི་	PART
མཆོག་	མཆོག་	ADJ
ཏུ་	ལ་	PART
བཟུང་	བཟུང་	NO_POS
ན་	ནས་	PART
།		PUNCT
རི་སུལ་	རི་སུལ་	NOUN
རྣམས་	རྣམས་	DET
སུ་	ལ་	PART
དེ་	དེ་	DET
འི་	གི་	PART
ངང་	ངང་	NOUN
ལ་	ལ་	PART
མི་ཚེ་	མི་ཚེ་	NOUN
མ་	མ་	PART
གཟད་		NON_WORD
གསུངས་	གསུངས་	VERB
།		PUNCT
འདི་	འདི་	DET
ཡང་	ཀྱང་	PART
བརྗེད་	བརྗེད་	VERB
ཀྱིས་	གིས་	PART
དོགས་	དོགས་	NO_POS
ན་	ནས་	PART
བྲིས་	བྲིས་	VERB
།		PUNCT
རྫོགས་ཆེན་པ་	རྫོགས་ཆེན་པ་	NOUN
རྣམས་	རྣམས་	DET
ལ་	ལ་	PART
ཤིན་ཏུ་	ཤིན་ཏུ་	NO_POS
མཁོ་བ་	མཁོ་བ་	VERB
ས་	གིས་	PART
།		PUNCT
ལེགས་པ་	ལེགས་པ་	VERB
ར་	ལ་	PART
ཁོང་	ཁོང་	PRON
དུ་	ལ་	PART
ཆུད་པ་	ཆུད་པ་	VERB
ར་	ལ་	PART
གྱིས་	གིས་	PART
།		PUNCT
ཕྱོགས་	ཕྱོགས་	NOUN
ཐམས་ཅད་	ཐམས་ཅད་	DET
དུ་	ལ་	PART
བསྒྲགས་པ་	བསྒྲགས་པ་	VERB
འི་	གི་	PART
གནས་མ་	གནས་མ་	PROPN
ཡིན་	ཡིན་	NO_POS
ནོ་	གོ་	PART
།། །།		PUNCT
སྨྲས་པ་	སྨྲས་པ་	VERB
།		PUNCT
སྐྱེ་	སྐྱེ་	NOUN
མེད་	མེད་	VERB
ཆོས་དབྱིངས་	ཆོས་དབྱིངས་	NOUN
ནམ་མཁའ་	ནམ་མཁའ་	NOUN
བདེ་	བདེ་	VERB
ལ་	ལ་	PART
ཡངས་	ཡངས་	VERB
། །		PUNCT
འགག་	འགག་	VERB
མེད་	མེད་	VERB
རིག་པ་	རིག་པ་	VERB
འི་	གི་	PART
ཉི་མ་	ཉི་མ་	NOUN
གསལ་	གསལ་	VERB
ལ་	ལ་	PART
དྭངས་	དྭངས་	NO_POS
། །		PUNCT
ཚད་	ཚད་	NOUN
མེད་	མེད་	VERB
བྱམས་བརྩེ་	བྱམས་བརྩེ་	OTHER
འི་	གི་	PART
ཉི་འོད་	ཉི་འོད་	NOUN
དྲོལ་	དྲོལ་	NO_POS
འཇམ་	འཇམ་	VERB
། །		PUNCT
དྲི་མེད་	དྲི་མེད་	ADJ
ལེགས་བཤད་	ལེགས་བཤད་	NOUN
འོད་སྟོང་	འོད་སྟོང་	OTHER
འགྱེད་	འགྱེད་	VERB
ལ་	ལ་	PART
སྤྲོ་	སྤྲོ་	NO_POS
། །		PUNCT
ཨེ་མ་	ཨེ་མ་	INTJ
སྐལ་བཟང་	སྐལ་བཟང་	OTHER
སྐྱེ་བོ་	སྐྱེ་བོ་	NOUN
ཕོ་མོ་	ཕོ་མོ་	NOUN
རྣམས་	རྣམས་	DET
། །		PUNCT
མིག་	མིག་	NOUN
གཉིས་	གཉིས་	NUM
བར་སྣང་	བར་སྣང་	NOUN
ཁམས་	ཁམས་	NOUN
ལ་	ལ་	PART
ཧ་	ཧ་	VERB
རེ་ལྟོས་	རེ་ལྟོས་	NO_POS
། །		PUNCT
རིག་པ་	རིག་པ་	VERB
རང་	རང་	PRON
གསལ་	གསལ་	VERB
རྒྱ་ཡན་	རྒྱ་ཡན་	NO_POS
ཕྱལ་	ཕྱལ་	NO_POS
ཡས་པ་	ཡས་པ་	VERB
འི་	གི་	PART
། །		PUNCT
ངང་	ངང་	NOUN
དུ་	ལ་	PART
གུ་	གུ་	OTHER
ཡངས་	ཡངས་	VERB
ཡན་པ་	ཡན་པ་	NO_POS
ར་	ལ་	PART
གློད་	གློད་	NO_POS
ལ་	ལ་	PART
ཐོངས་		NON_WORD
། །		PUNCT
རིག་པ་	རིག་པ་	VERB
འི་	གི་	PART
ངོ་བོ་	ངོ་བོ་	NOUN
གསལ་སྟོང་	གསལ་སྟོང་	NO_POS
འཛིན་པ་	འཛིན་པ་	VERB
མེད་	མེད་	VERB
། །		PUNCT
ཟང་ཐལ་	ཟང་ཐལ་	OTHER
ཁྱབ་བརྡལ་	ཁྱབ་བརྡལ་	OTHER
ཀློང་ཡངས་	ཀློང་ཡངས་	OTHER
ནམ་མཁའ་	ནམ་མཁའ་	NOUN
འདྲ་	འདྲ་	VERB
། །		PUNCT
མཉམ་བཞག་	མཉམ་བཞག་	NOUN
ཐང་མ་	ཐང་མ་	OTHER
ཕྱོགས་	ཕྱོགས་	NOUN
བཅུ་		
བརྡལ་	བརྡལ་	NO_POS
ཙ་ན་	ཙ་ན་	NO_POS
། །		PUNCT
འོད་གསལ་	འོད་གསལ་	NOUN
ཉི་མ་	ཉི་མ་	NOUN
མཐའ་དབུས་	མཐའ་དབུས་	NO_POS
མེད་པ་	མེད་པ་	VERB
ར་	ལ་	PART
འཆར་	འཆར་	NO_POS
། །		PUNCT
བྱིང་རྨུགས་	བྱིང་རྨུགས་	NOUN
འཕྲོ་རྒོད་	འཕྲོ་རྒོད་	NO_POS
རོང་ཁུང་	རོང་ཁུང་	NO_POS
དོག་ས་	དོག་ས་	NOUN
ན་	ནས་	PART
། །		PUNCT
བདེ་	བདེ་	VERB
གསལ་	གསལ་	VERB
མི་	མི་	PART
རྟོག་	རྟོག་	VERB
ལ་ཁ་	ལ་ཁ་	NOUN
མཐོན་པོ་	མཐོན་པོ་	ADJ
ར་	ལ་	PART
བུད་	བུད་	VERB
། །		PUNCT
འོད་གསལ་	འོད་གསལ་	NOUN
ནམ་མཁའ་	ནམ་མཁའ་	NOUN
མཐའ་དབུས་	མཐའ་དབུས་	NO_POS
མེད་པ་	མེད་པ་	VERB
ལ་	ལ་	PART
། །		PUNCT
བལྟས་་	བལྟས་པ་	VERB
ས་	གིས་	PART
དགའ་	དགའ་	VERB
ཞིང་	ཅིང་	PART
སྤྲོ་	སྤྲོ་	NO_POS
ལ་	ལ་	PART
རྒོད་	རྒོད་	NOUN
ཡང་	ཀྱང་	PART
འཆོར་	འཆོར་	NO_POS
། །		PUNCT
དེ་	སྟེ་	PART
ཚེ་	ཚེ་	NOUN
རིག་པ་	རིག་པ་	VERB
འི་	གི་	PART
གཞོན་ནུ་	གཞོན་ནུ་	ADJ
མིག་	མིག་	NOUN
ཡངས་པོ་	ཡངས་པོ་	OTHER
ས་	གིས་	PART
། །		PUNCT
འོད་གསལ་	འོད་གསལ་	NOUN
ཆོས་དབྱིངས་	ཆོས་དབྱིངས་	NOUN
སྤང་	སྤང་	VERB
གཞོངས་	གཞོངས་	NO_POS
ཡངས་པ་	ཡངས་པ་	ADJ
རུ་	ལ་	PART
། །		PUNCT
བདེ་སྟོང་	བདེ་སྟོང་	NOUN
ཉམས་	ཉམས་	NOUN
ཀྱི་	གི་	PART
གར་སྟབས་	གར་སྟབས་	NO_POS
བསྒྱུར་	བསྒྱུར་	VERB
བཞིན་	བཞིན་	NOUN
དུ་	ལ་	PART
། །		PUNCT
ཉམས་མགུར་	ཉམས་མགུར་	OTHER
གླུ་དབྱངས་	གླུ་དབྱངས་	NOUN
བླངས་	བླངས་	VERB
ན་	ལ་	PART
བོགས་	བོགས་	NOUN
ཐོན་	ཐོན་	VERB
ཡོངས་	ཡོངས་	DET
། །		PUNCT
མདོར་ན་	མདོར་ན་	NO_POS
དུས་	དུས་	NOUN
དང་	དང་	NO_POS
རྣམ་པ་	རྣམ་པ་	NOUN
ཐམས་ཅད་	ཐམས་ཅད་	DET
དུ་	ལ་	PART
། །		PUNCT
གང་	གང་	NO_POS
དུ་	ལ་	PART
བསྡད་	བསྡད་	NO_POS
ཀྱང་	ཀྱང་	PART
སྣང་བ་	སྣང་བ་	VERB
ཡངས་	ཡངས་	VERB
ཁྲོལ་	ཁྲོལ་	VERB
ལེ་	ལེ་	NO_POS
། །		PUNCT
སུ་	ལ་	PART
དང་	དང་	NO_POS
འགྲོགས་	འགྲོགས་	NO_POS
ཀྱང་	ཀྱང་	PART
ཤེས་པ་	ཤེས་པ་	VERB
དགའ་	དགའ་	VERB
ཡལ་	ཡལ་	NO_POS
ལེ་	ལེ་	NO_POS
། །		PUNCT
གནས་པ་	གནས་པ་	VERB
འི་	གི་	PART
རྣལ་འབྱོར་པ་	རྣལ་འབྱོར་པ་	NOUN
རེ་	རེ་	DET
ཀུན་	ཀུན་	DET
གྱིས་	གིས་	PART
མཛོད་	མཛོད་	NOUN
། །		PUNCT
གླུ་	གླུ་	NOUN
འདི་	འདི་	DET
ཐོས་ཚད་	ཐོས་ཚད་	NO_POS
སྐལ་བཟང་	སྐལ་བཟང་	OTHER
ཕོ་མོ་	ཕོ་མོ་	NOUN
ཡི་	གིས་	PART
། །		PUNCT
དགའ་	དགའ་	VERB
ཞིང་	ཅིང་	PART
སྤྲོ་	སྤྲོ་	NO_POS
བཞིན་	བཞིན་	NOUN
སེམས་	སེམས་	NOUN
ངོ་	གོ་	PART
བསྐྱངས་པ་	བསྐྱངས་པ་	VERB
འི་	གི་	PART
མཐུ་	མཐུ་	NOUN
ས་	གིས་	PART
། །		PUNCT
ནམ་ཞིག་	ནམ་ཞིག་	NO_POS
སེམས་ཉིད་	སེམས་ཉིད་	NOUN
ནམ་མཁ་	ནམ་མཁའ་	NOUN
འི་	གི་	PART
ཀློང་ཡངས་	ཀློང་ཡངས་	OTHER
ན་	ནས་	PART
། །		PUNCT
སྐུ་གཉིས་	སྐུ་གཉིས་	NO_POS
ཉི་ཟླ་	ཉི་ཟླ་	NOUN
འགྲོ་	འགྲོ་	VERB
ལ་	ལ་	PART
འཆར་བ་	འཆར་བ་	VERB
ར་	ལ་	PART
ཤོག་	ཤོག་	VERB
།		PUNCT
ཅེས་	ཅེས་	PART
ལེགས་བཤད་	ལེགས་བཤད་	NOUN
གསེར་	གསེར་	NOUN
གྱི་	གི་	PART
ཐུར་མ་	ཐུར་མ་	NOUN
ཞེ་	ཅེས་	PART
བྱ་བ་	བྱ་བ་	VERB
འདི་	འདི་	DET
ནི་	ནི་	NO_POS
མདོ་སྨད་	མདོ་སྨད་	OTHER
ཀྱི་	གི་	PART
སྐལ་ལྡན་	སྐལ་ལྡན་	ADJ
སློབ་མ་	སློབ་མ་	NOUN
ཡོངས་	ཡོངས་	DET
ལ་	ལ་	PART
ཕན་པ་	ཕན་པ་	VERB
འི་	གི་	PART
ཕྱི་	ཕྱི་	OTHER
།		PUNCT
རྣལ་འབྱོར་	རྣལ་འབྱོར་	NOUN
ཞབས་	ཞབས་	NOUN
དཀ་	དཀའ་	VERB
ར་པ་	ར་པ་	PART
ས་	གིས་	PART
དབེན་གནས་	དབེན་གནས་	OTHER
ཉམས་	ཉམས་	NOUN
དགའ་	དགའ་	VERB
བཀྲ་ཤིས་	བཀྲ་ཤིས་	NOUN
འཁྱིལ་པ་	འཁྱིལ་པ་	NO_POS
འི་	གི་	PART
ཡང་རྩེ་	ཡང་རྩེ་	NOUN
འོད་གསལ་	འོད་གསལ་	NOUN
ཉི་འོད་	ཉི་འོད་	NOUN
འཁྱིལ་པ་	འཁྱིལ་པ་	NO_POS
འི་	གི་	PART
ལྷ་ཁང་	ལྷ་ཁང་	NOUN
བདེ་བ་	བདེ་བ་	VERB
ཅན་	ཅན་	PART
ན་	ནས་	PART
སྦྱར་བ་	སྦྱར་བ་	VERB
འོ་	གོ་	PART
། །		PUNCT
འདི་	འདི་	DET
ས་	གིས་	PART
ཀྱང་	ཀྱང་	PART
ཀུན་	ཀུན་	DET
ལ་	ལ་	PART
ཕན་	ཕན་	NOUN
ཐོགས་པ་	ཐོགས་པ་	VERB
ར་	ལ་	PART
གྱུར་ཅིག་	གྱུར་ཅིག་	NO_POS
། ༈ །།		PUNCT
ན་མོ་	ན་མོ་	X
གུ་རུ་	གུ་རུ་	PROPN
བྷྱཿ་		NON_WORD
ཚོགས་	ཚོགས་	NOUN
གཉིས་	གཉིས་	NUM
དབྱིངས་	དབྱིངས་	NOUN
སུ་	ལ་	PART
རྫོགས་པ་	རྫོགས་པ་	VERB
ཁྱད་ཆོས་	ཁྱད་ཆོས་	NOUN
དྲུག་	དྲུག་	NUM
ལྡན་	ལྡན་	VERB
གཞོན་ནུ་	གཞོན་ནུ་	ADJ
བུམ་པ་	བུམ་པ་	NOUN
འི་	གི་	PART
སྐུ་	སྐུ་	NOUN
། །		PUNCT
རང་བཞིན་	རང་བཞིན་	NOUN
འཕོ་འགྱུར་	འཕོ་འགྱུར་	NOUN
སྤངས་	སྤངས་	VERB
ཀྱང་	ཀྱང་	PART
ཞིང་ཁམས་	ཞིང་ཁམས་	NOUN
རྒྱ་མཚོ་	རྒྱ་མཚོ་	NOUN
ར་	ལ་	PART
ངེས་པ་	ངེས་པ་	VERB
ལྔ་	ལྔ་	NUM
དང་	དང་	NO_POS
ལྡན་	ལྡན་	VERB
། །		PUNCT
རྣམ་	རྣམ་	NOUN
མང་	མང་	VERB
གདུལ་བྱ་	གདུལ་བྱ་	NOUN
ར་	ལ་	PART
སྐལ་བ་	སྐལ་བ་	NOUN
དང་	དང་	NO_POS
འཚམས་	འཚམས་	NO_POS
རྣམ་གྲོལ་	རྣམ་གྲོལ་	NOUN
དཔལ་	དཔལ་	OTHER
སྟེར་	སྟེར་	VERB
སྤྲུལ་པ་	སྤྲུལ་པ་	VERB
འི་	གི་	PART
ག་	ག་	NOUN
། །		PUNCT
གདུལ་བྱ་	གདུལ་བྱ་	NOUN
འི་	གི་	PART
རྗེས་འགྲོ་	རྗེས་འགྲོ་	OTHER
སྐུ་གསུམ་	སྐུ་གསུམ་	OTHER
འདུ་	འདུ་	VERB
ཞལ་བདག་	ཞལ་བདག་	NO_POS
གི་	གི་	PART
འདྲེན་པ་	འདྲེན་པ་	VERB
རྒྱལ་	རྒྱལ་	VERB
གྱུར་ཅིག་	གྱུར་ཅིག་	NO_POS
།		PUNCT
གང་	གང་	NO_POS
གི་	གི་	PART
གསུང་	གསུང་	VERB
གསང་	གསང་	VERB
དབྱར་	དབྱར་	ADV
གྱི་	གི་	PART
རྔ་བོ་	རྔ་བོ་	NOUN
ཆེ་	ཆེ་	VERB
། །		PUNCT
ལུས་ཅན་	ལུས་ཅན་	NOUN
མདོངས་	མདོངས་	VERB
མཐ་	མཐའ་	NOUN
འི་	གི་	PART
མངལ་	མངལ་	NOUN
ཁུ་	ཁུ་	NOUN
སྦྲུམ་	སྦྲུམ་	NO_POS
སླད་	སླད་	NOUN
དུ་	ལ་	PART
། །		PUNCT
ལ་	ལ་	ADP
ས་	གིས་	PART
ཀྱི་	གི་	PART
འཁོར་ལོ་	འཁོར་ལོ་	NOUN
འི་	གི་	PART
སྤྲིན་	སྤྲིན་	NOUN
གྱི་	གི་	PART
ལྡིང་ཁང་	ལྡིང་ཁང་	NOUN
ལ་	ལ་	ADP
ས་	གིས་	PART
། །		PUNCT
ལྷོངས་པ་	ལྷོངས་པ་	NO_POS
འི་	གི་	PART
དགེ་མཚན་	དགེ་མཚན་	OTHER
ལྷ་	ལྷ་	NOUN
མི་	མི་	PART
འི་	གི་	PART
རྣ་བ་	རྣ་བ་	NOUN
ར་	ལ་	PART
འཇེབས་	འཇེབས་	VERB
། །		PUNCT
དེ་ཕྱིར་	དེ་ཕྱིར་	NO_POS
ཕྱོགས་	ཕྱོགས་	NOUN
ཀྱི་	གི་	PART
བུ་མོ་	བུ་མོ་	NOUN
འི་	གི་	PART
རྣ་	རྣ་	NOUN
ལུང་	ལུང་	NOUN
དུ་	ལ་	PART
། །		PUNCT
དབྱངས་	དབྱངས་	NOUN
འདི་	འདི་	DET
ལྷག་བསམ་	ལྷག་བསམ་	NOUN
དབྱར་	དབྱར་	ADV
གྱི་	གི་	PART
དཔལ་མོ་	དཔལ་མོ་	PROPN
ས་	གིས་	PART
བསུས་	བསུས་	VERB
། །		PUNCT
འཛད་	འཛད་	NO_POS
མེད་	མེད་	VERB
ཆོ་	ཆོ་	NOUN
ཆ་	ཆ་	NOUN
ར་	ལ་	PART
འབེབས་པ་	འབེབས་པ་	VERB
འི་	གི་	PART
ཆུ་ཁུར་	ཆུ་ཁུར་	NO_POS
ཅན་	ཅན་	PART
། །		PUNCT
ལ་	ལ་	ADP
ས་	གིས་	PART
ལྡན་	ལྡན་	VERB
ཆུ་མཐོངས་	ཆུ་མཐོངས་	NO_POS
ངོ་	ངོ་	NOUN
སུ་	ལ་	PART
རྟག་པ་	རྟག་པ་	VERB
ར་	ལ་	PART
ཕྱུར་	ཕྱུར་	NO_POS
། །		PUNCT
ལེགས་བྱས་	ལེགས་བྱས་	OTHER
འོད་སྟོང་	འོད་སྟོང་	OTHER
འབར་བ་	འབར་བ་	VERB
འི་	གི་	PART
གཟི་འོད་	གཟི་འོད་	OTHER
ཀྱིས་	གིས་	PART
། །		PUNCT
བདག་	བདག་	PRON
གི་	གི་	PART
ཕ་མ་	ཕ་མ་	NOUN
ས་	གིས་	PART
གཙོ་	གཙོ་	NOUN
བྱ་	བྱ་	VERB
འབྲེལ་	འབྲེལ་	VERB
ཐོགས་	ཐོགས་	VERB
དང་	དང་	NO_POS
། །		PUNCT
རྒྱུད་	རྒྱུད་	NOUN
ལྔ་	ལྔ་	NUM
ས་	གིས་	PART
བསྡུས་པ་	བསྡུས་པ་	VERB
འི་	གི་	PART
སྐྱེ་འགྲོ་	སྐྱེ་འགྲོ་	NOUN
འི་	གི་	PART
ཀུན་གཞི་	ཀུན་གཞི་	NOUN
འི་	གི་	PART
མུན་	མུན་	NOUN
། །		PUNCT
ཆོས་དབྱིངས་	ཆོས་དབྱིངས་	NOUN
འོད་གསལ་	འོད་གསལ་	NOUN
ཀློང་	ཀློང་	NOUN
དུ་	ལ་	PART
སངས་	སངས་	VERB
གྱུར་ཅིག་	གྱུར་ཅིག་	NO_POS
།		PUNCT
བདག་	བདག་	PRON
ཀྱང་	ཀྱང་	PART
དེང་ནས་	དེང་ནས་	NO_POS
ཉེར་ཞི་	ཉེར་ཞི་	NO_POS
གདོད་མ་	གདོད་མ་	OTHER
འི་	གི་	PART
གྲོང་	གྲོང་	NOUN
། །		PUNCT
མ་	མ་	PART
ཕྱིན་	ཕྱིན་	VERB
དེ་སྲིད་	དེ་སྲིད་	ADV
རྣམ་སྨིན་	རྣམ་སྨིན་	NOUN
བརྒྱད་	བརྒྱད་	NUM
ཀྱི་	གི་	PART
རྟེན་	རྟེན་	NOUN
། །		PUNCT
ཐོབ་	ཐོབ་	VERB
ཅིང་	ཅིང་	PART
དམ་པ་	དམ་པ་	VERB
འི་	གི་	PART
མགོན་	མགོན་	NOUN
དང་	དང་	NO_POS
མི་	མི་	PART
འབྲལ་བ་	འབྲལ་བ་	VERB
ར་	ལ་	PART
། །		PUNCT
ཚོགས་	ཚོགས་	NOUN
གཉིས་	གཉིས་	NUM
དཔལ་	དཔལ་	OTHER
ལ་	ལ་	PART
སྤྱོད་པ་	སྤྱོད་པ་	VERB
འི་	གི་	PART
བཀྲ་ཤིས་ཤོག་	བཀྲ་ཤིས་ཤོག་	NO_POS
།		PUNCT
ཅེས་པ་	ཅེས་པ་	PART
འདི་	འདི་	DET
ཡང་	ཀྱང་	PART
མང་	མང་	VERB
དུ་	ལ་	PART
ཐོས་པ་	ཐོས་པ་	VERB
འི་	གི་	PART
ནོར་	ནོར་	NOUN
གྱིས་	གིས་	PART
ཕྱུག་པ་	ཕྱུག་པ་	VERB
འི་	གི་	PART
སྤོང་བ་པོ་	སྤོང་བ་པོ་	VERB
ལྷ་	ལྷ་	NOUN
བཟོ་	བཟོ་	NO_POS
ཡེ་ཤེས་	ཡེ་ཤེས་	NOUN
བསྟན་འཛིན་	བསྟན་འཛིན་	NOUN
གྱི་	གི་	PART
གསུང་	གསུང་	VERB
ངོ་མ་	ངོ་མ་	OTHER
ལྡོག་པ་	ལྡོག་པ་	VERB
ར་	ལ་	PART
། །		PUNCT
རྨོངས་རྟུལ་	རྨོངས་རྟུལ་	NO_POS
སངས་རྒྱས་	སངས་རྒྱས་	NOUN
རིན་ཆེན་	རིན་ཆེན་	OTHER
གྱིས་	གིས་	PART
གཡར་ཁྲལ་	གཡར་ཁྲལ་	NO_POS
དུ་	ལ་	PART
བགྱིས་པ་	བགྱིས་པ་	VERB
ཛཡནྟུ་		NON_WORD
།།		PUNCT
